<KicadtoNgspice><source><v1 name="Source type">sine<field1 name="Offset Value">0</field1><field2 name="Amplitude">15</field2><field3 name="Frequency">50</field3><field4 name="Delay Time">0</field4><field5 name="Damping Factor">0</field5></v1><v2 name="Source type">0v</v2><v2 name="Source type">2v</v2><v2 name="Source type">7v</v2><v2 name="Source type">12v</v2></source><model><u4 name="type">zener<field1 name="Enter Saturation Current (default=1.0e-12)" /><field2 name="Enter Forward Emission Coefficient (default=1.0)" /><field3 name="Enter Breakdown Voltage (default=5.6)" /><field4 name="Enter Breakdown Current (default=2.0e-2)" /><field5 name="Enter Switch for Limiting (default=FALSE)" /></u4><u3 name="type">zener<field6 name="Enter Saturation Current (default=1.0e-12)" /><field7 name="Enter Forward Emission Coefficient (default=1.0)" /><field8 name="Enter Breakdown Voltage (default=5.6)" /><field9 name="Enter Breakdown Current (default=2.0e-2)" /><field10 name="Enter Switch for Limiting (default=FALSE)" /></u3></model><devicemodel /><subcircuit><x1><field>C:\FOSSEE\eSim\src\SubcircuitLibrary\ua741</field></x1></subcircuit><analysis><ac><field1 name="Lin">true</field1><field2 name="Dec">false</field2><field3 name="Oct">false</field3><field4 name="Start Frequency" /><field5 name="Stop Frequency" /><field6 name="No. of points" /><field7 name="Start Fre Combo">Hz</field7><field8 name="Stop Fre Combo">Hz</field8></ac><dc><field1 name="Source 1" /><field2 name="Start" /><field3 name="Increment" /><field4 name="Stop" /><field5 name="Operating Point">0</field5><field6 name="Start Combo">Volts or Amperes</field6><field7 name="Increment Combo">Volts or Amperes</field7><field8 name="Stop Combo">Volts or Amperes</field8><field9 name="Source 2" /><field10 name="Start" /><field11 name="Increment" /><field12 name="Stop" /><field13 name="Start Combo">Volts or Amperes</field13><field14 name="Increment Combo">Volts or Amperes</field14><field15 name="Stop Combo">Volts or Amperes</field15></dc><tran><field1 name="Start Time">0</field1><field2 name="Step Time">10</field2><field3 name="Stop Time">100</field3><field4 name="Start Combo">ms</field4><field5 name="Step Combo">ms</field5><field6 name="Stop Combo">ms</field6></tran></analysis></KicadtoNgspice>