<KicadtoNgspice><analysis><ac><field1 name="Lin">true</field1><field2 name="Dec">false</field2><field3 name="Oct">false</field3><field4 name="Start Frequency" /><field5 name="Stop Frequency" /><field6 name="No. of points" /><field7 name="Start Fre Combo">Hz</field7><field8 name="Stop Fre Combo">Hz</field8></ac><dc><field1 name="Source 1" /><field2 name="Start" /><field3 name="Increment" /><field4 name="Stop" /><field5 name="Operating Point">0</field5><field6 name="Start Combo">Volts or Amperes</field6><field7 name="Increment Combo">Volts or Amperes</field7><field8 name="Stop Combo">Volts or Amperes</field8><field9 name="Source 2" /><field10 name="Start" /><field11 name="Increment" /><field12 name="Stop" /><field13 name="Start Combo">Volts or Amperes</field13><field14 name="Increment Combo">Volts or Amperes</field14><field15 name="Stop Combo">Volts or Amperes</field15></dc><tran><field1 name="Start Time">0</field1><field2 name="Step Time">10</field2><field3 name="Stop Time">100</field3><field4 name="Start Combo">Sec</field4><field5 name="Step Combo">ms</field5><field6 name="Stop Combo">ms</field6></tran></analysis><source /><model><u3 name="type">d_and<field1 name="Enter Fall Delay (default=1.0e-9)" /><field2 name="Enter Input Load (default=1.0e-12)" /><field3 name="Enter Rise Delay (default=1.0e-9)" /></u3><u4 name="type">d_and<field4 name="Enter Fall Delay (default=1.0e-9)" /><field5 name="Enter Input Load (default=1.0e-12)" /><field6 name="Enter Rise Delay (default=1.0e-9)" /></u4><u5 name="type">d_or<field7 name="Enter Fall Delay (default=1.0e-9)" /><field8 name="Enter Input Load (default=1.0e-12)" /><field9 name="Enter Rise Delay (default=1.0e-9)" /></u5><u2 name="type">d_inverter<field10 name="Enter Fall Delay (default=1.0e-9)" /><field11 name="Enter Input Load (default=1.0e-12)" /><field12 name="Enter Rise Delay (default=1.0e-9)" /></u2></model><devicemodel /><subcircuit /></KicadtoNgspice>