{"source": {"v1": {"values": [{"Value": "5"}], "type": "dc"}, "v2": {"values": [{"Value": "5"}], "type": "dc"}, "v3": {"values": [{"Value": "5"}], "type": "dc"}, "v4": {"values": [{"Value": "5"}], "type": "dc"}}, "model": {}, "deviceModel": {}, "analysis": {"ac": {"No. of points": "", "Lin": "true", "Stop Frequency": "", "Start Fre Combo": "Hz", "Stop Fre Combo": "Hz", "Start Frequency": "", "Dec": "false", "Oct": "false"}, "tran": {"Stop Combo": "ms", "Stop Time": "30", "Step Combo": "ms", "Start Time": "0", "Start Combo": "ms", "Step Time": "5"}, "dc": {"Stop Combo": "Volts or Amperes", "Start Combo2": "Volts or Amperes", "Source 1": "", "Stop Combo2": "Volts or Amperes", "Start2": "", "Stop": "", "Increment2": "", "Stop2": "", "Start": "", "Operating Point": "0", "Start Combo": "Volts or Amperes", "Increment": "", "Increment Combo": "Volts or Amperes", "Increment Combo2": "Volts or Amperes", "Source 2": ""}}, "subcircuit": {"x1": ["/home/fosssee/Desktop/eSim/eSim/src/SubcircuitLibrary/ua741"]}}