{"source": {"v1": {"values": [{"Enter in pwl format": "0m 0 0.5m 5 50m 5 50.5m 0 100m 0"}], "type": "pwl"}}, "model": {}, "deviceModel": {}, "analysis": {"ac": {"No. of points": "", "Lin": "true", "Stop Frequency": "", "Start Fre Combo": "Hz", "Stop Fre Combo": "Hz", "Start Frequency": "", "Dec": "false", "Oct": "false"}, "tran": {"Stop Combo": "ms", "Stop Time": "100", "Step Combo": "ms", "Start Time": "0", "Start Combo": "ms", "Step Time": "10"}, "dc": {"Stop Combo": "Volts or Amperes", "Start Combo2": "Volts or Amperes", "Source 1": "", "Stop Combo2": "Volts or Amperes", "Start2": "", "Stop": "", "Increment2": "", "Stop2": "", "Start": "", "Operating Point": "0", "Start Combo": "Volts or Amperes", "Increment": "", "Increment Combo": "Volts or Amperes", "Increment Combo2": "Volts or Amperes", "Source 2": ""}}, "subcircuit": {}}