<KicadtoNgspice><source /><model><u14 name="type">d_and<field1 name="Enter Fall Delay (default=1.0e-9)" /><field2 name="Enter Input Load (default=1.0e-12)" /><field3 name="Enter Rise Delay (default=1.0e-9)" /></u14><u25 name="type">d_and<field4 name="Enter Fall Delay (default=1.0e-9)" /><field5 name="Enter Input Load (default=1.0e-12)" /><field6 name="Enter Rise Delay (default=1.0e-9)" /></u25><u5 name="type">d_and<field7 name="Enter Fall Delay (default=1.0e-9)" /><field8 name="Enter Input Load (default=1.0e-12)" /><field9 name="Enter Rise Delay (default=1.0e-9)" /></u5><u20 name="type">d_and<field10 name="Enter Fall Delay (default=1.0e-9)" /><field11 name="Enter Input Load (default=1.0e-12)" /><field12 name="Enter Rise Delay (default=1.0e-9)" /></u20><u7 name="type">d_and<field13 name="Enter Fall Delay (default=1.0e-9)" /><field14 name="Enter Input Load (default=1.0e-12)" /><field15 name="Enter Rise Delay (default=1.0e-9)" /></u7><u21 name="type">d_and<field16 name="Enter Fall Delay (default=1.0e-9)" /><field17 name="Enter Input Load (default=1.0e-12)" /><field18 name="Enter Rise Delay (default=1.0e-9)" /></u21><u18 name="type">d_and<field19 name="Enter Fall Delay (default=1.0e-9)" /><field20 name="Enter Input Load (default=1.0e-12)" /><field21 name="Enter Rise Delay (default=1.0e-9)" /></u18><u24 name="type">d_and<field22 name="Enter Fall Delay (default=1.0e-9)" /><field23 name="Enter Input Load (default=1.0e-12)" /><field24 name="Enter Rise Delay (default=1.0e-9)" /></u24><u28 name="type">d_or<field25 name="Enter Fall Delay (default=1.0e-9)" /><field26 name="Enter Input Load (default=1.0e-12)" /><field27 name="Enter Rise Delay (default=1.0e-9)" /></u28><u29 name="type">d_or<field28 name="Enter Fall Delay (default=1.0e-9)" /><field29 name="Enter Input Load (default=1.0e-12)" /><field30 name="Enter Rise Delay (default=1.0e-9)" /></u29><u32 name="type">d_or<field31 name="Enter Fall Delay (default=1.0e-9)" /><field32 name="Enter Input Load (default=1.0e-12)" /><field33 name="Enter Rise Delay (default=1.0e-9)" /></u32><u2 name="type">d_inverter<field34 name="Enter Fall Delay (default=1.0e-9)" /><field35 name="Enter Input Load (default=1.0e-12)" /><field36 name="Enter Rise Delay (default=1.0e-9)" /></u2><u3 name="type">d_inverter<field37 name="Enter Fall Delay (default=1.0e-9)" /><field38 name="Enter Input Load (default=1.0e-12)" /><field39 name="Enter Rise Delay (default=1.0e-9)" /></u3><u15 name="type">d_and<field40 name="Enter Fall Delay (default=1.0e-9)" /><field41 name="Enter Input Load (default=1.0e-12)" /><field42 name="Enter Rise Delay (default=1.0e-9)" /></u15><u6 name="type">d_and<field43 name="Enter Fall Delay (default=1.0e-9)" /><field44 name="Enter Input Load (default=1.0e-12)" /><field45 name="Enter Rise Delay (default=1.0e-9)" /></u6><u8 name="type">d_and<field46 name="Enter Fall Delay (default=1.0e-9)" /><field47 name="Enter Input Load (default=1.0e-12)" /><field48 name="Enter Rise Delay (default=1.0e-9)" /></u8><u4 name="type">d_and<field49 name="Enter Fall Delay (default=1.0e-9)" /><field50 name="Enter Input Load (default=1.0e-12)" /><field51 name="Enter Rise Delay (default=1.0e-9)" /></u4><u16 name="type">d_and<field52 name="Enter Fall Delay (default=1.0e-9)" /><field53 name="Enter Input Load (default=1.0e-12)" /><field54 name="Enter Rise Delay (default=1.0e-9)" /></u16><u27 name="type">d_and<field55 name="Enter Fall Delay (default=1.0e-9)" /><field56 name="Enter Input Load (default=1.0e-12)" /><field57 name="Enter Rise Delay (default=1.0e-9)" /></u27><u10 name="type">d_and<field58 name="Enter Fall Delay (default=1.0e-9)" /><field59 name="Enter Input Load (default=1.0e-12)" /><field60 name="Enter Rise Delay (default=1.0e-9)" /></u10><u22 name="type">d_and<field61 name="Enter Fall Delay (default=1.0e-9)" /><field62 name="Enter Input Load (default=1.0e-12)" /><field63 name="Enter Rise Delay (default=1.0e-9)" /></u22><u12 name="type">d_and<field64 name="Enter Fall Delay (default=1.0e-9)" /><field65 name="Enter Input Load (default=1.0e-12)" /><field66 name="Enter Rise Delay (default=1.0e-9)" /></u12><u23 name="type">d_and<field67 name="Enter Fall Delay (default=1.0e-9)" /><field68 name="Enter Input Load (default=1.0e-12)" /><field69 name="Enter Rise Delay (default=1.0e-9)" /></u23><u19 name="type">d_and<field70 name="Enter Fall Delay (default=1.0e-9)" /><field71 name="Enter Input Load (default=1.0e-12)" /><field72 name="Enter Rise Delay (default=1.0e-9)" /></u19><u26 name="type">d_and<field73 name="Enter Fall Delay (default=1.0e-9)" /><field74 name="Enter Input Load (default=1.0e-12)" /><field75 name="Enter Rise Delay (default=1.0e-9)" /></u26><u30 name="type">d_or<field76 name="Enter Fall Delay (default=1.0e-9)" /><field77 name="Enter Input Load (default=1.0e-12)" /><field78 name="Enter Rise Delay (default=1.0e-9)" /></u30><u31 name="type">d_or<field79 name="Enter Fall Delay (default=1.0e-9)" /><field80 name="Enter Input Load (default=1.0e-12)" /><field81 name="Enter Rise Delay (default=1.0e-9)" /></u31><u33 name="type">d_or<field82 name="Enter Fall Delay (default=1.0e-9)" /><field83 name="Enter Input Load (default=1.0e-12)" /><field84 name="Enter Rise Delay (default=1.0e-9)" /></u33><u17 name="type">d_and<field85 name="Enter Fall Delay (default=1.0e-9)" /><field86 name="Enter Input Load (default=1.0e-12)" /><field87 name="Enter Rise Delay (default=1.0e-9)" /></u17><u11 name="type">d_and<field88 name="Enter Fall Delay (default=1.0e-9)" /><field89 name="Enter Input Load (default=1.0e-12)" /><field90 name="Enter Rise Delay (default=1.0e-9)" /></u11><u13 name="type">d_and<field91 name="Enter Fall Delay (default=1.0e-9)" /><field92 name="Enter Input Load (default=1.0e-12)" /><field93 name="Enter Rise Delay (default=1.0e-9)" /></u13><u9 name="type">d_and<field94 name="Enter Fall Delay (default=1.0e-9)" /><field95 name="Enter Input Load (default=1.0e-12)" /><field96 name="Enter Rise Delay (default=1.0e-9)" /></u9><u35 name="type">d_inverter<field97 name="Enter Fall Delay (default=1.0e-9)" /><field98 name="Enter Input Load (default=1.0e-12)" /><field99 name="Enter Rise Delay (default=1.0e-9)" /></u35><u34 name="type">d_inverter<field100 name="Enter Fall Delay (default=1.0e-9)" /><field101 name="Enter Input Load (default=1.0e-12)" /><field102 name="Enter Rise Delay (default=1.0e-9)" /></u34></model><devicemodel /><subcircuit><x10><field>C:\Users\malli\eSim\src\SubcircuitLibrary\4_and</field></x10><x8><field>C:\Users\malli\eSim\src\SubcircuitLibrary\4_and</field></x8><x9><field>C:\Users\malli\eSim\src\SubcircuitLibrary\4_and</field></x9><x2><field>C:\Users\malli\eSim\src\SubcircuitLibrary\4_OR</field></x2><x3><field>C:\Users\malli\eSim\src\SubcircuitLibrary\4_and</field></x3><x1><field>C:\Users\malli\eSim\src\SubcircuitLibrary\4_OR</field></x1><x6><field>C:\Users\malli\eSim\src\SubcircuitLibrary\4_and</field></x6><x7><field>C:\Users\malli\eSim\src\SubcircuitLibrary\4_and</field></x7><x4><field>C:\Users\malli\eSim\src\SubcircuitLibrary\4_and</field></x4><x5><field>C:\Users\malli\eSim\src\SubcircuitLibrary\4_and</field></x5></subcircuit><analysis><ac><field1 name="Lin">true</field1><field2 name="Dec">false</field2><field3 name="Oct">false</field3><field4 name="Start Frequency" /><field5 name="Stop Frequency" /><field6 name="No. of points" /><field7 name="Start Fre Combo">Hz</field7><field8 name="Stop Fre Combo">Hz</field8></ac><dc><field1 name="Source 1" /><field2 name="Start" /><field3 name="Increment" /><field4 name="Stop" /><field5 name="Operating Point">0</field5><field6 name="Start Combo">Volts or Amperes</field6><field7 name="Increment Combo">Volts or Amperes</field7><field8 name="Stop Combo">Volts or Amperes</field8><field9 name="Source 2" /><field10 name="Start" /><field11 name="Increment" /><field12 name="Stop" /><field13 name="Start Combo">Volts or Amperes</field13><field14 name="Increment Combo">Volts or Amperes</field14><field15 name="Stop Combo">Volts or Amperes</field15></dc><tran><field1 name="Start Time" /><field2 name="Step Time" /><field3 name="Stop Time" /><field4 name="Start Combo">ms</field4><field5 name="Step Combo">ms</field5><field6 name="Stop Combo">Sec</field6></tran></analysis></KicadtoNgspice>