<KicadtoNgspice><source><v1 name="Source type">dc<field1 name="Value">220</field1></v1><v2 name="Source type">pulse<field1 name="Initial Value">0</field1><field2 name="Pulse Value">1</field2><field3 name="Delay Time">0</field3><field4 name="Rise Time">0.0001</field4><field5 name="Fall Time">0.0001</field5><field5 name="Pulse width">0.01</field5><field5 name="Period">0.02</field5></v2><v3 name="Source type">pulse<field1 name="Initial Value">0</field1><field2 name="Pulse Value">1</field2><field3 name="Delay Time">0.01</field3><field4 name="Rise Time">0.0001</field4><field5 name="Fall Time">0.0001</field5><field5 name="Pulse width">0.01</field5><field5 name="Period">0.02</field5></v3><v5 name="Source type">pulse<field1 name="Initial Value">0</field1><field2 name="Pulse Value">1</field2><field3 name="Delay Time">0.0066</field3><field4 name="Rise Time">0.0001</field4><field5 name="Fall Time">0.0001</field5><field5 name="Pulse width">0.01</field5><field5 name="Period">0.02</field5></v5><v4 name="Source type">pulse<field1 name="Initial Value">0</field1><field2 name="Pulse Value">1</field2><field3 name="Delay Time">0.005</field3><field4 name="Rise Time">0.0001</field4><field5 name="Fall Time">0.0001</field5><field5 name="Pulse width">0.01</field5><field5 name="Period">0.02</field5></v4><v6 name="Source type">pulse<field1 name="Initial Value">0</field1><field2 name="Pulse Value">1</field2><field3 name="Delay Time">0.004</field3><field4 name="Rise Time">0.0001</field4><field5 name="Fall Time">0.0001</field5><field5 name="Pulse width">0.01</field5><field5 name="Period">0.02</field5></v6><v7 name="Source type">pulse<field1 name="Initial Value">0</field1><field2 name="Pulse Value">1</field2><field3 name="Delay Time">0.0033</field3><field4 name="Rise Time">0.0001</field4><field5 name="Fall Time">0.0001</field5><field5 name="Pulse width">0.01</field5><field5 name="Period">0.02</field5></v7></source><model /><devicemodel><d2><field>C:/FOSSEE/eSim/library/deviceModelLibrary/Diode/PowerDiode.lib</field></d2><d5><field>C:/FOSSEE/eSim/library/deviceModelLibrary/Diode/PowerDiode.lib</field></d5><d4><field>C:/FOSSEE/eSim/library/deviceModelLibrary/Diode/PowerDiode.lib</field></d4><d1><field>C:/FOSSEE/eSim/library/deviceModelLibrary/Diode/PowerDiode.lib</field></d1><d3><field>C:/FOSSEE/eSim/library/deviceModelLibrary/Diode/PowerDiode.lib</field></d3><d6><field>C:/FOSSEE/eSim/library/deviceModelLibrary/Diode/PowerDiode.lib</field></d6></devicemodel><subcircuit><x4><field>C:\FOSSEE\eSim\library\SubcircuitLibrary\scr</field></x4><x1><field>C:\FOSSEE\eSim\library\SubcircuitLibrary\scr</field></x1><x3><field>C:\FOSSEE\eSim\library\SubcircuitLibrary\scr</field></x3><x2><field>C:\FOSSEE\eSim\library\SubcircuitLibrary\scr</field></x2><x6><field>C:\FOSSEE\eSim\library\SubcircuitLibrary\scr</field></x6><x5><field>C:\FOSSEE\eSim\library\SubcircuitLibrary\scr</field></x5></subcircuit><analysis><ac><field1 name="Lin">true</field1><field2 name="Dec">false</field2><field3 name="Oct">false</field3><field4 name="Start Frequency">50</field4><field5 name="Stop Frequency">60</field5><field6 name="No. of points">5</field6><field7 name="Start Fre Combo">Hz</field7><field8 name="Stop Fre Combo">Hz</field8></ac><dc><field1 name="Source 1">10</field1><field2 name="Start">2</field2><field3 name="Increment">1</field3><field4 name="Stop">10</field4><field5 name="Operating Point">0</field5><field6 name="Start Combo">Volts or Amperes</field6><field7 name="Increment Combo">Volts or Amperes</field7><field8 name="Stop Combo">Volts or Amperes</field8><field9 name="Source 2">10</field9><field10 name="Start">2</field10><field11 name="Increment">1</field11><field12 name="Stop">10</field12><field13 name="Start Combo">Volts or Amperes</field13><field14 name="Increment Combo">Volts or Amperes</field14><field15 name="Stop Combo">Volts or Amperes</field15></dc><tran><field1 name="Start Time">0</field1><field2 name="Step Time">5</field2><field3 name="Stop Time">200</field3><field4 name="Start Combo">Sec</field4><field5 name="Step Combo">ms</field5><field6 name="Stop Combo">us</field6></tran></analysis></KicadtoNgspice>