<KicadtoNgspice><source><vv1 name="Source type">ac<field1 name="Amplitude">3</field1><field2 name="Phase" /></vv1><vv1 name="Source type">sine<field1 name="Offset Value" /><field2 name="Amplitude" /><field3 name="Frequency" /><field4 name="Delay Time" /><field5 name="Damping Factor" /></vv1></source><model /><devicemodel /><subcircuit><xx2><field>/home/soundar/Downloads/eSim-1.1.2/src/SubcircuitLibrary/ua741</field></xx2><xx1><field>/home/soundar/Downloads/eSim-1.1.2/src/SubcircuitLibrary/ua741</field></xx1></subcircuit><analysis><ac><field1 name="Lin">false</field1><field2 name="Dec">true</field2><field3 name="Oct">false</field3><field4 name="Start Frequency">1</field4><field5 name="Stop Frequency">40</field5><field6 name="No. of points">20</field6><field7 name="Start Fre Combo">Hz</field7><field8 name="Stop Fre Combo">Meg</field8></ac><dc><field1 name="Source 1" /><field2 name="Start" /><field3 name="Increment" /><field4 name="Stop" /><field5 name="Operating Point">0</field5><field6 name="Start Combo">Volts or Amperes</field6><field7 name="Increment Combo">Volts or Amperes</field7><field8 name="Stop Combo">Volts or Amperes</field8><field9 name="Source 2" /><field10 name="Start" /><field11 name="Increment" /><field12 name="Stop" /><field13 name="Start Combo">Volts or Amperes</field13><field14 name="Increment Combo">Volts or Amperes</field14><field15 name="Stop Combo">Volts or Amperes</field15></dc><tran><field1 name="Start Time">1</field1><field2 name="Step Time">10</field2><field3 name="Stop Time">100</field3><field4 name="Start Combo">us</field4><field5 name="Step Combo">us</field5><field6 name="Stop Combo">us</field6></tran></analysis></KicadtoNgspice>