{"source": {"vv1": {"values": [{"Amplitude": "3"}, {"Phase": ""}], "type": "ac"}}, "model": {}, "deviceModel": {}, "analysis": {"ac": {"No. of points": "20", "Lin": "false", "Stop Frequency": "10", "Start Fre Combo": "Hz", "Stop Fre Combo": "GHz", "Start Frequency": "1", "Dec": "true", "Oct": "false"}, "tran": {"Stop Combo": "Sec", "Stop Time": "", "Step Combo": "Sec", "Start Time": "", "Start Combo": "Sec", "Step Time": ""}, "dc": {"Stop Combo": "Volts or Amperes", "Start Combo2": "Volts or Amperes", "Source 1": "", "Stop Combo2": "Volts or Amperes", "Start2": "", "Stop": "", "Increment2": "", "Stop2": "", "Start": "", "Operating Point": "0", "Start Combo": "Volts or Amperes", "Increment": "", "Increment Combo": "Volts or Amperes", "Increment Combo2": "Volts or Amperes", "Source 2": ""}}, "subcircuit": {"xx2": ["/home/soundar/Downloads/eSim/src/SubcircuitLibrary/ua741"], "xx1": ["/home/soundar/Downloads/eSim/src/SubcircuitLibrary/ua741"]}}