<KicadtoNgspice><source><v1 name="Source type">dc<field1 name="Value">5</field1></v1><v2 name="Source type">dc<field1 name="Value">5</field1></v2><v3 name="Source type">dc<field1 name="Value">0</field1></v3><v2 name="Source type">pwl<field1 name="Enter in pwl format">0.1 1 0.1 0 0.1 1 0.1 0 0.1 1 0.01 0 0.1 1</field1></v2><v1 name="Source type">pwl<field1 name="Enter in pwl format">0.1 1 0.1 0 0.1 1 0.1 0 0.1 1 0.01 0 0.1 1</field1></v1><v3 name="Source type">pwl<field1 name="Enter in pwl format">0.1 1 0.1 0 0.1 1 0.1 0 0.1 1 0.01 0 0.1 1</field1></v3></source><model><u2 name="type">d_and<field1 name="Enter Fall Delay (default=1.0e-9)">1.0e-9</field1><field2 name="Enter Input Load (default=1.0e-12)">1.0e-12</field2><field3 name="Enter Rise Delay (default=1.0e-9)">1.0e-9</field3></u2><u3 name="type">d_and<field4 name="Enter Fall Delay (default=1.0e-9)">1.0e-9</field4><field5 name="Enter Input Load (default=1.0e-12)">1.0e-12</field5><field6 name="Enter Rise Delay (default=1.0e-9)">1.0e-9</field6></u3><u5 name="type">d_xor<field7 name="Enter Fall Delay (default=1.0e-9)">1.0e-9</field7><field8 name="Enter Input Load (default=1.0e-12)">1.0e-12</field8><field9 name="Enter Rise Delay (default=1.0e-9)">1.0e-9</field9></u5><u6 name="type">d_xor<field10 name="Enter Fall Delay (default=1.0e-9)">1.0e-9</field10><field11 name="Enter Input Load (default=1.0e-12)">1.0e-12</field11><field12 name="Enter Rise Delay (default=1.0e-9)">1.0e-9</field12></u6><u7 name="type">d_xor<field13 name="Enter Fall Delay (default=1.0e-9)">1.0e-9</field13><field14 name="Enter Input Load (default=1.0e-12)">1.0e-12</field14><field15 name="Enter Rise Delay (default=1.0e-9)">1.0e-9</field15></u7><u8 name="type">d_xor<field16 name="Enter Fall Delay (default=1.0e-9)">1.0e-9</field16><field17 name="Enter Input Load (default=1.0e-12)">1.0e-12</field17><field18 name="Enter Rise Delay (default=1.0e-9)">1.0e-9</field18></u8><u4 name="type">d_inverter<field19 name="Enter Fall Delay (default=1.0e-9)">1.0e-9</field19><field20 name="Enter Input Load (default=1.0e-12)">1.0e-12</field20><field21 name="Enter Rise Delay (default=1.0e-9)">1.0e-9</field21></u4><u1 name="type">adc_bridge<field22 name="Enter Fall Delay (default=1.0e-9)">1.0e-9</field22><field23 name="Enter value for in_high (default=2.0)">2.0</field23><field24 name="Enter Rise Delay (default=1.0e-9)">1.0e-9</field24><field25 name="Enter value for in_low (default=1.0)">1.0</field25></u1><u9 name="type">adc_bridge<field26 name="Enter Fall Delay (default=1.0e-9)">1.0e-9</field26><field27 name="Enter value for in_high (default=2.0)">2.0</field27><field28 name="Enter Rise Delay (default=1.0e-9)">1.0e-9</field28><field29 name="Enter value for in_low (default=1.0)">1.0</field29></u9><u9 name="type">dac_bridge<field26 name="Enter value for input load (default=1.0e-12)" /><field27 name="Enter value for out_low (default=0.0)" /><field28 name="Enter value for out_high (default=5.0)" /><field29 name="Enter the Rise Time (default=1.0e-9)" /><field30 name="Enter the Fall Time (default=1.0e-9)" /><field31 name="Enter value for out_undef (default=0.5)" /></u9><u15 name="type">dac_bridge<field32 name="Enter value for input load (default=1.0e-12)" /><field33 name="Enter value for out_low (default=0.0)" /><field34 name="Enter value for out_high (default=5.0)" /><field35 name="Enter the Rise Time (default=1.0e-9)" /><field36 name="Enter the Fall Time (default=1.0e-9)" /><field37 name="Enter value for out_undef (default=0.5)" /></u15><u16 name="type">dac_bridge<field38 name="Enter value for input load (default=1.0e-12)" /><field39 name="Enter value for out_low (default=0.0)" /><field40 name="Enter value for out_high (default=5.0)" /><field41 name="Enter the Rise Time (default=1.0e-9)" /><field42 name="Enter the Fall Time (default=1.0e-9)" /><field43 name="Enter value for out_undef (default=0.5)" /></u16></model><devicemodel /><subcircuit><x8><field>C:\Users\Mind\Downloads\13785-eSim-Carry_Select_Adder_Using_BEC_Logic\Carry_Select_Adder_Using_BEC_Logic\13785-eSim-Carry_Select_Adder_Using_BEC_Logic\MUX</field></x8><x9><field>C:\Users\Mind\Downloads\13785-eSim-Carry_Select_Adder_Using_BEC_Logic\Carry_Select_Adder_Using_BEC_Logic\13785-eSim-Carry_Select_Adder_Using_BEC_Logic\MUX</field></x9><x2><field>C:\Users\Mind\Downloads\13785-eSim-Carry_Select_Adder_Using_BEC_Logic\Carry_Select_Adder_Using_BEC_Logic\13785-eSim-Carry_Select_Adder_Using_BEC_Logic\LOGIC_ADDER</field></x2><x3><field>C:\Users\Mind\Downloads\13785-eSim-Carry_Select_Adder_Using_BEC_Logic\Carry_Select_Adder_Using_BEC_Logic\13785-eSim-Carry_Select_Adder_Using_BEC_Logic\LOGIC_ADDER</field></x3><x1><field>C:\Users\Mind\Downloads\13785-eSim-Carry_Select_Adder_Using_BEC_Logic\Carry_Select_Adder_Using_BEC_Logic\13785-eSim-Carry_Select_Adder_Using_BEC_Logic\LOGIC_ADDER</field></x1><x6><field>C:\Users\Mind\Downloads\13785-eSim-Carry_Select_Adder_Using_BEC_Logic\Carry_Select_Adder_Using_BEC_Logic\13785-eSim-Carry_Select_Adder_Using_BEC_Logic\MUX</field></x6><x7><field>C:\Users\Mind\Downloads\13785-eSim-Carry_Select_Adder_Using_BEC_Logic\Carry_Select_Adder_Using_BEC_Logic\13785-eSim-Carry_Select_Adder_Using_BEC_Logic\MUX</field></x7><x4><field>C:\Users\Mind\Downloads\13785-eSim-Carry_Select_Adder_Using_BEC_Logic\Carry_Select_Adder_Using_BEC_Logic\13785-eSim-Carry_Select_Adder_Using_BEC_Logic\LOGIC_ADDER</field></x4><x5><field>C:\Users\Mind\Downloads\13785-eSim-Carry_Select_Adder_Using_BEC_Logic\Carry_Select_Adder_Using_BEC_Logic\13785-eSim-Carry_Select_Adder_Using_BEC_Logic\MUX</field></x5></subcircuit><analysis><ac><field1 name="Lin">true</field1><field2 name="Dec">false</field2><field3 name="Oct">false</field3><field4 name="Start Frequency" /><field5 name="Stop Frequency" /><field6 name="No. of points" /><field7 name="Start Fre Combo">Hz</field7><field8 name="Stop Fre Combo">Hz</field8></ac><dc><field1 name="Source 1" /><field2 name="Start" /><field3 name="Increment" /><field4 name="Stop" /><field5 name="Operating Point">0</field5><field6 name="Start Combo">Volts or Amperes</field6><field7 name="Increment Combo">Volts or Amperes</field7><field8 name="Stop Combo">Volts or Amperes</field8><field9 name="Source 2" /><field10 name="Start" /><field11 name="Increment" /><field12 name="Stop" /><field13 name="Start Combo">Volts or Amperes</field13><field14 name="Increment Combo">Volts or Amperes</field14><field15 name="Stop Combo">Volts or Amperes</field15></dc><tran><field1 name="Start Time">0</field1><field2 name="Step Time">5</field2><field3 name="Stop Time">30</field3><field4 name="Start Combo">Sec</field4><field5 name="Step Combo">ms</field5><field6 name="Stop Combo">ms</field6></tran></analysis></KicadtoNgspice>