<KicadtoNgspice><source><i1 name="Source type">dc<field1 name="Value">50u</field1></i1><v1 name="Source type">dc<field1 name="Value">1.25</field1></v1><v1 name="Source type">sine<field1 name="Offset Value">0</field1><field2 name="Amplitude">10</field2><field3 name="Frequency">100</field3><field4 name="Delay Time">0</field4><field5 name="Damping Factor">0</field5></v1></source><model><u2 name="type">zener<field1 name="Enter Saturation Current (default=1.0e-12)" /><field2 name="Enter Forward Emission Coefficient (default=1.0)" /><field3 name="Enter Breakdown Voltage (default=5.6)">1.25</field3><field4 name="Enter Breakdown Current (default=2.0e-2)" /><field5 name="Enter Switch for Limiting (default=FALSE)" /></u2><u3 name="type">zener<field6 name="Enter Saturation Current (default=1.0e-12)" /><field7 name="Enter Forward Emission Coefficient (default=1.0)" /><field8 name="Enter Breakdown Voltage (default=5.6)">1</field8><field9 name="Enter Breakdown Current (default=2.0e-2)" /><field10 name="Enter Switch for Limiting (default=FALSE)" /></u3><u3 name="type">d_dt<field6 name="Enter value for Gain (default=1.0)" /><field7 name="Enter offset for Output (default=0.0)" /><field8 name="Enter Limit Range (default=1.0e-6)">100000</field8><field9 name="Enter Output Lower Limit (default=0.0)">-100000</field9><field10 name="Enter Output Upper Limit (default=1.0)" /></u3><u3 name="type">ic<field1 name="Enter initial voltage at node for u3  output ic">0</field1></u3><u3 name="type">int<field6 name="Enter value for Gain (default=1.0)" /><field7 name="Enter Output Lower Limit (default=0.0)" /><field8 name="Enter Output Initial Condition (default=0.0)" /><field9 name="Enter offset for Input (default=0.0)" /><field10 name="Enter Limit Range (default=1.0e-6)">1000</field10><field11 name="Enter Output Upper Limit (default=1.0)">-1000</field11></u3></model><devicemodel><q1><field>C:/FOSSEE/eSim/src/deviceModelLibrary/Transistor/NPN.lib</field></q1><q2><field>C:/FOSSEE/eSim/src/deviceModelLibrary/Transistor/NPN.lib</field></q2></devicemodel><subcircuit><x1><field>C:\FOSSEE\eSim\src\SubcircuitLibrary\lm_741</field></x1></subcircuit><analysis><ac><field1 name="Lin">true</field1><field2 name="Dec">false</field2><field3 name="Oct">false</field3><field4 name="Start Frequency" /><field5 name="Stop Frequency" /><field6 name="No. of points" /><field7 name="Start Fre Combo">Hz</field7><field8 name="Stop Fre Combo">Hz</field8></ac><dc><field1 name="Source 1" /><field2 name="Start" /><field3 name="Increment" /><field4 name="Stop" /><field5 name="Operating Point">0</field5><field6 name="Start Combo">Volts or Amperes</field6><field7 name="Increment Combo">Volts or Amperes</field7><field8 name="Stop Combo">Volts or Amperes</field8><field9 name="Source 2" /><field10 name="Start" /><field11 name="Increment" /><field12 name="Stop" /><field13 name="Start Combo">Volts or Amperes</field13><field14 name="Increment Combo">Volts or Amperes</field14><field15 name="Stop Combo">Volts or Amperes</field15></dc><tran><field1 name="Start Time">1</field1><field2 name="Step Time">10</field2><field3 name="Stop Time">100</field3><field4 name="Start Combo">ms</field4><field5 name="Step Combo">ms</field5><field6 name="Stop Combo">ms</field6></tran></analysis></KicadtoNgspice>