<KicadtoNgspice><analysis><ac><field1 name="Lin">true</field1><field2 name="Dec">false</field2><field3 name="Oct">false</field3><field4 name="Start Frequency" /><field5 name="Stop Frequency" /><field6 name="No. of points" /><field7 name="Start Fre Combo">Hz</field7><field8 name="Stop Fre Combo">Hz</field8></ac><dc><field1 name="Source 1" /><field2 name="Start" /><field3 name="Increment" /><field4 name="Stop" /><field5 name="Operating Point">0</field5><field6 name="Start Combo">Volts or Amperes</field6><field7 name="Increment Combo">Volts or Amperes</field7><field8 name="Stop Combo">Volts or Amperes</field8><field9 name="Source 2" /><field10 name="Start" /><field11 name="Increment" /><field12 name="Stop" /><field13 name="Start Combo">Volts or Amperes</field13><field14 name="Increment Combo">Volts or Amperes</field14><field15 name="Stop Combo">Volts or Amperes</field15></dc><tran><field1 name="Start Time">0</field1><field2 name="Step Time">10</field2><field3 name="Stop Time">1000</field3><field4 name="Start Combo">Sec</field4><field5 name="Step Combo">ms</field5><field6 name="Stop Combo">ms</field6></tran></analysis><source><v2 name="Source type">5</v2><v1 name="Source type">pulse<field1 name="Initial Value">0</field1><field2 name="Pulse Value">5</field2><field3 name="Delay Time">0</field3><field4 name="Rise Time">1ms</field4><field5 name="Fall Time">1ms</field5><field5 name="Pulse width">10ms</field5><field5 name="Period">100ms</field5></v1><v3 name="Source type">0</v3></source><model><u4 name="type">d_jkff<field1 name="Enter IC (default=0)" /><field2 name="Enter Fall Delay (default=1.0e-9)" /><field3 name="Enter Set Delay (default=1.0e-9)" /><field4 name="Enter value for Set Load (default=1.0e-12)" /><field5 name="Enter Clk Delay (default=1.0e-9)" /><field6 name="Enter value for Clk Load (default=1.0e-12)" /><field7 name="Enter Reset Delay (default=1.0)" /><field8 name="Enter Rise Delay (default=1.0e-9)" /><field9 name="Enter value for JK Load (default=1.0e-12)" /><field10 name="Enter value for Reset Load (default=1.0e-12)" /></u4><u6 name="type">d_jkff<field11 name="Enter IC (default=0)" /><field12 name="Enter Fall Delay (default=1.0e-9)" /><field13 name="Enter Set Delay (default=1.0e-9)" /><field14 name="Enter value for Set Load (default=1.0e-12)" /><field15 name="Enter Clk Delay (default=1.0e-9)" /><field16 name="Enter value for Clk Load (default=1.0e-12)" /><field17 name="Enter Reset Delay (default=1.0)" /><field18 name="Enter Rise Delay (default=1.0e-9)" /><field19 name="Enter value for JK Load (default=1.0e-12)" /><field20 name="Enter value for Reset Load (default=1.0e-12)" /></u6><u1 name="type">adc_bridge<field21 name="Enter Fall Delay (default=1.0e-9)" /><field22 name="Enter value for in_high (default=2.0)" /><field23 name="Enter Rise Delay (default=1.0e-9)" /><field24 name="Enter value for in_low (default=1.0)" /></u1><u2 name="type">adc_bridge<field25 name="Enter Fall Delay (default=1.0e-9)" /><field26 name="Enter value for in_high (default=2.0)" /><field27 name="Enter Rise Delay (default=1.0e-9)" /><field28 name="Enter value for in_low (default=1.0)" /></u2><u5 name="type">d_and<field29 name="Enter Fall Delay (default=1.0e-9)" /><field30 name="Enter Input Load (default=1.0e-12)" /><field31 name="Enter Rise Delay (default=1.0e-9)" /></u5><u13 name="type">d_and<field32 name="Enter Fall Delay (default=1.0e-9)" /><field33 name="Enter Input Load (default=1.0e-12)" /><field34 name="Enter Rise Delay (default=1.0e-9)" /></u13><u3 name="type">adc_bridge<field35 name="Enter Fall Delay (default=1.0e-9)" /><field36 name="Enter value for in_high (default=2.0)" /><field37 name="Enter Rise Delay (default=1.0e-9)" /><field38 name="Enter value for in_low (default=1.0)" /></u3><u10 name="type">d_jkff<field39 name="Enter IC (default=0)" /><field40 name="Enter Fall Delay (default=1.0e-9)" /><field41 name="Enter Set Delay (default=1.0e-9)" /><field42 name="Enter value for Set Load (default=1.0e-12)" /><field43 name="Enter Clk Delay (default=1.0e-9)" /><field44 name="Enter value for Clk Load (default=1.0e-12)" /><field45 name="Enter Reset Delay (default=1.0)" /><field46 name="Enter Rise Delay (default=1.0e-9)" /><field47 name="Enter value for JK Load (default=1.0e-12)" /><field48 name="Enter value for Reset Load (default=1.0e-12)" /></u10><u18 name="type">d_jkff<field49 name="Enter IC (default=0)" /><field50 name="Enter Fall Delay (default=1.0e-9)" /><field51 name="Enter Set Delay (default=1.0e-9)" /><field52 name="Enter value for Set Load (default=1.0e-12)" /><field53 name="Enter Clk Delay (default=1.0e-9)" /><field54 name="Enter value for Clk Load (default=1.0e-12)" /><field55 name="Enter Reset Delay (default=1.0)" /><field56 name="Enter Rise Delay (default=1.0e-9)" /><field57 name="Enter value for JK Load (default=1.0e-12)" /><field58 name="Enter value for Reset Load (default=1.0e-12)" /></u18></model><devicemodel /><subcircuit /></KicadtoNgspice>