{"analysis": {"ac": {"No. of points": "", "Start Fre Combo": "Hz", "Start Frequency": "", "Stop Frequency": "", "Dec": "false", "Oct": "false", "Lin": "true", "Stop Fre Combo": "Hz"}, "tran": {"Step Combo": "ms", "Start Time": "0", "Start Combo": "Sec", "Step Time": "1", "Stop Combo": "ms", "Stop Time": "600"}, "dc": {"Increment": "", "Start2": "", "Stop2": "", "Source 1": "", "Stop Combo": "Volts or Amperes", "Increment2": "", "Start": "", "Increment Combo": "Volts or Amperes", "Operating Point": "0", "Start Combo": "Volts or Amperes", "Increment Combo2": "Volts or Amperes", "Stop Combo2": "Volts or Amperes", "Source 2": "", "Stop": "", "Start Combo2": "Volts or Amperes"}}, "subcircuit": {}, "deviceModel": {}, "model": {"u13": {"type": "d_and", "values": [{"Enter Rise Delay (default=1.0e-9)": ""}, {"Enter Fall Delay (default=1.0e-9)": ""}, {"Enter Input Load (default=1.0e-12)": ""}]}, "u10": {"type": "d_jkff", "values": [{"Enter value for JK Load (default=1.0e-12)": ""}, {"Enter Clk Delay (default=1.0e-9)": ""}, {"Enter Set Delay (default=1.0e-9)": ""}, {"Enter Rise Delay (default=1.0e-9)": ""}, {"Enter Fall Delay (default=1.0e-9)": ""}, {"Enter IC (default=0)": ""}, {"Enter value for Clk Load (default=1.0e-12)": ""}, {"Enter value for Set Load (default=1.0e-12)": ""}, {"Enter Reset Delay (default=1.0)": ""}, {"Enter value for Reset Load (default=1.0e-12)": ""}]}, "u6": {"type": "d_jkff", "values": [{"Enter value for JK Load (default=1.0e-12)": ""}, {"Enter Clk Delay (default=1.0e-9)": ""}, {"Enter Set Delay (default=1.0e-9)": ""}, {"Enter Rise Delay (default=1.0e-9)": ""}, {"Enter Fall Delay (default=1.0e-9)": ""}, {"Enter IC (default=0)": ""}, {"Enter value for Clk Load (default=1.0e-12)": ""}, {"Enter value for Set Load (default=1.0e-12)": ""}, {"Enter Reset Delay (default=1.0)": ""}, {"Enter value for Reset Load (default=1.0e-12)": ""}]}, "u3": {"type": "adc_bridge", "values": [{"Enter value for in_high (default=2.0)": ""}, {"Enter value for in_low (default=1.0)": ""}, {"Enter Rise Delay (default=1.0e-9)": ""}, {"Enter Fall Delay (default=1.0e-9)": ""}]}, "u5": {"type": "d_and", "values": [{"Enter Rise Delay (default=1.0e-9)": ""}, {"Enter Fall Delay (default=1.0e-9)": ""}, {"Enter Input Load (default=1.0e-12)": ""}]}, "u1": {"type": "adc_bridge", "values": [{"Enter value for in_high (default=2.0)": ""}, {"Enter value for in_low (default=1.0)": ""}, {"Enter Rise Delay (default=1.0e-9)": ""}, {"Enter Fall Delay (default=1.0e-9)": ""}]}, "u18": {"type": "d_jkff", "values": [{"Enter value for JK Load (default=1.0e-12)": ""}, {"Enter Clk Delay (default=1.0e-9)": ""}, {"Enter Set Delay (default=1.0e-9)": ""}, {"Enter Rise Delay (default=1.0e-9)": ""}, {"Enter Fall Delay (default=1.0e-9)": ""}, {"Enter IC (default=0)": ""}, {"Enter value for Clk Load (default=1.0e-12)": ""}, {"Enter value for Set Load (default=1.0e-12)": ""}, {"Enter Reset Delay (default=1.0)": ""}, {"Enter value for Reset Load (default=1.0e-12)": ""}]}, "u4": {"type": "d_jkff", "values": [{"Enter value for JK Load (default=1.0e-12)": ""}, {"Enter Clk Delay (default=1.0e-9)": ""}, {"Enter Set Delay (default=1.0e-9)": ""}, {"Enter Rise Delay (default=1.0e-9)": ""}, {"Enter Fall Delay (default=1.0e-9)": ""}, {"Enter IC (default=0)": ""}, {"Enter value for Clk Load (default=1.0e-12)": ""}, {"Enter value for Set Load (default=1.0e-12)": ""}, {"Enter Reset Delay (default=1.0)": ""}, {"Enter value for Reset Load (default=1.0e-12)": ""}]}, "u2": {"type": "adc_bridge", "values": [{"Enter value for in_high (default=2.0)": ""}, {"Enter value for in_low (default=1.0)": ""}, {"Enter Rise Delay (default=1.0e-9)": ""}, {"Enter Fall Delay (default=1.0e-9)": ""}]}}, "source": {"v2": {"type": "5", "values": []}, "v3": {"type": "0", "values": []}, "v1": {"type": "pulse", "values": [{"Initial Value": "0"}, {"Pulse Value": "5"}, {"Delay Time": "0"}, {"Rise Time": "0"}, {"Fall Time": "0"}, {"Pulse width": "10e-3"}, {"Period": "20e-3"}]}}}