<KicadtoNgspice><source><v1 name="Source type">dc<field1 name="Value">5</field1></v1><v2 name="Source type">pulse<field1 name="Initial Value">0</field1><field2 name="Pulse Value">-5</field2><field3 name="Delay Time">5m</field3><field4 name="Rise Time">0.1u</field4><field5 name="Fall Time">0.1u</field5><field5 name="Pulse width">9m</field5><field5 name="Period">10m</field5></v2><v3 name="Source type">dc<field1 name="Value">-10</field1></v3></source><model><u3 name="type">ic<field1 name="Enter initial voltage at node for u3  out1 ic">0</field1></u3><u4 name="type">ic<field2 name="Enter initial voltage at node for u4  net-_c2-pad1_ ic">0</field2></u4><u5 name="type">ic<field3 name="Enter initial voltage at node for u5  net-_c2-pad2_ ic">5</field3></u5></model><devicemodel><q1><field>C:/FOSSEE/eSim/src/deviceModelLibrary/Transistor/BC547B.lib</field></q1><q2><field>C:/FOSSEE/eSim/src/deviceModelLibrary/Transistor/BC547B.lib</field></q2><d1><field>C:/FOSSEE/eSim/src/deviceModelLibrary/Diode/D.lib</field></d1></devicemodel><subcircuit /><analysis><ac><field1 name="Lin">true</field1><field2 name="Dec">false</field2><field3 name="Oct">false</field3><field4 name="Start Frequency" /><field5 name="Stop Frequency" /><field6 name="No. of points" /><field7 name="Start Fre Combo">Hz</field7><field8 name="Stop Fre Combo">Hz</field8></ac><dc><field1 name="Source 1" /><field2 name="Start" /><field3 name="Increment" /><field4 name="Stop" /><field5 name="Operating Point">0</field5><field6 name="Start Combo">Volts or Amperes</field6><field7 name="Increment Combo">Volts or Amperes</field7><field8 name="Stop Combo">Volts or Amperes</field8><field9 name="Source 2" /><field10 name="Start" /><field11 name="Increment" /><field12 name="Stop" /><field13 name="Start Combo">Volts or Amperes</field13><field14 name="Increment Combo">Volts or Amperes</field14><field15 name="Stop Combo">Volts or Amperes</field15></dc><tran><field1 name="Start Time">0</field1><field2 name="Step Time">10</field2><field3 name="Stop Time">100</field3><field4 name="Start Combo">ms</field4><field5 name="Step Combo">ms</field5><field6 name="Stop Combo">ms</field6></tran></analysis></KicadtoNgspice>