<KicadtoNgspice><source><v1 name="Source type">pulse<field1 name="Initial Value">0</field1><field2 name="Pulse Value">5</field2><field3 name="Delay Time">0</field3><field4 name="Rise Time">0</field4><field5 name="Fall Time">0</field5><field5 name="Pulse width">20m</field5><field5 name="Period">35m</field5></v1><v2 name="Source type">pulse<field1 name="Initial Value">5</field1><field2 name="Pulse Value">0</field2><field3 name="Delay Time">0</field3><field4 name="Rise Time">0</field4><field5 name="Fall Time">0</field5><field5 name="Pulse width">20m</field5><field5 name="Period">30m</field5></v2><v4 name="Source type">pulse<field1 name="Initial Value">0</field1><field2 name="Pulse Value">5</field2><field3 name="Delay Time">0.1u</field3><field4 name="Rise Time">0.1u</field4><field5 name="Fall Time">0.1u</field5><field5 name="Pulse width">15m</field5><field5 name="Period">30m</field5></v4><v3 name="Source type">dc<field1 name="Value">5</field1></v3><v5 name="Source type">pulse<field1 name="Initial Value">0</field1><field2 name="Pulse Value">5</field2><field3 name="Delay Time">0</field3><field4 name="Rise Time">0</field4><field5 name="Fall Time">0</field5><field5 name="Pulse width">10m</field5><field5 name="Period">20m</field5></v5></source><model><u5 name="type">ic<field1 name="Enter initial voltage at node for u5  sel ic">5</field1></u5><u6 name="type">ic<field2 name="Enter initial voltage at node for u6  net-_m1-pad1_ ic">0</field2></u6><u5 name="type">d_buffer<field1 name="Enter Fall Delay (default=1.0e-9)">0</field1><field2 name="Enter Input Load (default=1.0e-12)">1000</field2><field3 name="Enter Rise Delay (default=1.0e-9)" /></u5></model><devicemodel><m5><field>C:/FOSSEE/eSim/src/deviceModelLibrary/MOS/PMOS-180nm.lib</field><field>2.5u</field><field>0.5u</field><field /></m5><m4><field>C:/FOSSEE/eSim/src/deviceModelLibrary/MOS/NMOS-180nm.lib</field><field>1u</field><field>0.5u</field><field /></m4><m6><field>C:/FOSSEE/eSim/src/deviceModelLibrary/MOS/PMOS-180nm.lib</field><field>2.5u</field><field>0.5u</field><field /></m6><m1><field>C:/FOSSEE/eSim/src/deviceModelLibrary/MOS/PMOS-180nm.lib</field><field>2.5u</field><field>0.5u</field><field /></m1><m3><field>C:/FOSSEE/eSim/src/deviceModelLibrary/MOS/NMOS-180nm.lib</field><field>1u</field><field>0.5u</field><field /></m3><m2><field>C:/FOSSEE/eSim/src/deviceModelLibrary/MOS/NMOS-180nm.lib</field><field>1u</field><field>0.5u</field><field /></m2><d2><field>C:/FOSSEE/eSim/src/deviceModelLibrary/Diode/D.lib</field></d2><d1><field>C:/FOSSEE/eSim/src/deviceModelLibrary/Diode/D.lib</field></d1></devicemodel><subcircuit /><analysis><ac><field1 name="Lin">true</field1><field2 name="Dec">false</field2><field3 name="Oct">false</field3><field4 name="Start Frequency" /><field5 name="Stop Frequency" /><field6 name="No. of points" /><field7 name="Start Fre Combo">Hz</field7><field8 name="Stop Fre Combo">Hz</field8></ac><dc><field1 name="Source 1" /><field2 name="Start" /><field3 name="Increment" /><field4 name="Stop" /><field5 name="Operating Point">0</field5><field6 name="Start Combo">Volts or Amperes</field6><field7 name="Increment Combo">Volts or Amperes</field7><field8 name="Stop Combo">Volts or Amperes</field8><field9 name="Source 2" /><field10 name="Start" /><field11 name="Increment" /><field12 name="Stop" /><field13 name="Start Combo">Volts or Amperes</field13><field14 name="Increment Combo">Volts or Amperes</field14><field15 name="Stop Combo">Volts or Amperes</field15></dc><tran><field1 name="Start Time">0</field1><field2 name="Step Time">0.01</field2><field3 name="Stop Time">100</field3><field4 name="Start Combo">ms</field4><field5 name="Step Combo">ms</field5><field6 name="Stop Combo">ms</field6></tran></analysis></KicadtoNgspice>