<KicadtoNgspice><analysis><ac><field1 name="Lin">true</field1><field2 name="Dec">false</field2><field3 name="Oct">false</field3><field4 name="Start Frequency" /><field5 name="Stop Frequency" /><field6 name="No. of points" /><field7 name="Start Fre Combo">Hz</field7><field8 name="Stop Fre Combo">Hz</field8></ac><dc><field1 name="Source 1" /><field2 name="Start" /><field3 name="Increment" /><field4 name="Stop" /><field5 name="Operating Point">0</field5><field6 name="Start Combo">Volts or Amperes</field6><field7 name="Increment Combo">Volts or Amperes</field7><field8 name="Stop Combo">Volts or Amperes</field8><field9 name="Source 2" /><field10 name="Start" /><field11 name="Increment" /><field12 name="Stop" /><field13 name="Start Combo">Volts or Amperes</field13><field14 name="Increment Combo">Volts or Amperes</field14><field15 name="Stop Combo">Volts or Amperes</field15></dc><tran><field1 name="Start Time">0</field1><field2 name="Step Time">0.05</field2><field3 name="Stop Time">10</field3><field4 name="Start Combo">Sec</field4><field5 name="Step Combo">ms</field5><field6 name="Stop Combo">ms</field6></tran></analysis><source><vtrig1 name="Source type">pulse<field1 name="Initial Value">0</field1><field2 name="Pulse Value">5</field2><field3 name="Delay Time">0u</field3><field4 name="Rise Time">1u</field4><field5 name="Fall Time">1u</field5><field5 name="Pulse width">0.85m</field5><field5 name="Period">1m</field5></vtrig1><v2 name="Source type">dc<field1 name="Value">2V</field1></v2><vcc1 name="Source type">dc<field1 name="Value">18V</field1></vcc1></source><model /><devicemodel><q1><field>C:/eSim/src/deviceModelLibrary/Transistor/NPN.lib</field></q1><q2><field>C:/eSim/src/deviceModelLibrary/Transistor/NPN.lib</field></q2></devicemodel><subcircuit /></KicadtoNgspice>