<KicadtoNgspice><analysis><ac><field1 name="Lin">true</field1><field2 name="Dec">false</field2><field3 name="Oct">false</field3><field4 name="Start Frequency" /><field5 name="Stop Frequency" /><field6 name="No. of points" /><field7 name="Start Fre Combo">Hz</field7><field8 name="Stop Fre Combo">Hz</field8></ac><dc><field1 name="Source 1" /><field2 name="Start" /><field3 name="Increment" /><field4 name="Stop" /><field5 name="Operating Point">0</field5><field6 name="Start Combo">Volts or Amperes</field6><field7 name="Increment Combo">Volts or Amperes</field7><field8 name="Stop Combo">Volts or Amperes</field8><field9 name="Source 2" /><field10 name="Start" /><field11 name="Increment" /><field12 name="Stop" /><field13 name="Start Combo">Volts or Amperes</field13><field14 name="Increment Combo">Volts or Amperes</field14><field15 name="Stop Combo">Volts or Amperes</field15></dc><tran><field1 name="Start Time">0</field1><field2 name="Step Time">10</field2><field3 name="Stop Time">1000</field3><field4 name="Start Combo">Sec</field4><field5 name="Step Combo">ms</field5><field6 name="Stop Combo">ms</field6></tran></analysis><source><v2 name="Source type">5</v2><v1 name="Source type">pulse<field1 name="Initial Value">0</field1><field2 name="Pulse Value">5</field2><field3 name="Delay Time">0</field3><field4 name="Rise Time">1ms</field4><field5 name="Fall Time">1ms</field5><field5 name="Pulse width">10ms</field5><field5 name="Period">100ms</field5></v1><v4 name="Source type">0</v4><v3 name="Source type">0</v3></source><model><u4 name="type">d_jkff<field1 name="Enter IC (default=0)" /><field2 name="Enter Fall Delay (default=1.0e-9)" /><field3 name="Enter Set Delay (default=1.0e-9)" /><field4 name="Enter value for Set Load (default=1.0e-12)" /><field5 name="Enter Clk Delay (default=1.0e-9)" /><field6 name="Enter value for Clk Load (default=1.0e-12)" /><field7 name="Enter Reset Delay (default=1.0)" /><field8 name="Enter Rise Delay (default=1.0e-9)" /><field9 name="Enter value for JK Load (default=1.0e-12)" /><field10 name="Enter value for Reset Load (default=1.0e-12)" /></u4><u6 name="type">d_jkff<field11 name="Enter IC (default=0)" /><field12 name="Enter Fall Delay (default=1.0e-9)" /><field13 name="Enter Set Delay (default=1.0e-9)" /><field14 name="Enter value for Set Load (default=1.0e-12)" /><field15 name="Enter Clk Delay (default=1.0e-9)" /><field16 name="Enter value for Clk Load (default=1.0e-12)" /><field17 name="Enter Reset Delay (default=1.0)" /><field18 name="Enter Rise Delay (default=1.0e-9)" /><field19 name="Enter value for JK Load (default=1.0e-12)" /><field20 name="Enter value for Reset Load (default=1.0e-12)" /></u6><u10 name="type">d_jkff<field21 name="Enter IC (default=0)" /><field22 name="Enter Fall Delay (default=1.0e-9)" /><field23 name="Enter Set Delay (default=1.0e-9)" /><field24 name="Enter value for Set Load (default=1.0e-12)" /><field25 name="Enter Clk Delay (default=1.0e-9)" /><field26 name="Enter value for Clk Load (default=1.0e-12)" /><field27 name="Enter Reset Delay (default=1.0)" /><field28 name="Enter Rise Delay (default=1.0e-9)" /><field29 name="Enter value for JK Load (default=1.0e-12)" /><field30 name="Enter value for Reset Load (default=1.0e-12)" /></u10><u18 name="type">d_jkff<field31 name="Enter IC (default=0)" /><field32 name="Enter Fall Delay (default=1.0e-9)" /><field33 name="Enter Set Delay (default=1.0e-9)" /><field34 name="Enter value for Set Load (default=1.0e-12)" /><field35 name="Enter Clk Delay (default=1.0e-9)" /><field36 name="Enter value for Clk Load (default=1.0e-12)" /><field37 name="Enter Reset Delay (default=1.0)" /><field38 name="Enter Rise Delay (default=1.0e-9)" /><field39 name="Enter value for JK Load (default=1.0e-12)" /><field40 name="Enter value for Reset Load (default=1.0e-12)" /></u18><u1 name="type">adc_bridge<field41 name="Enter Fall Delay (default=1.0e-9)" /><field42 name="Enter value for in_high (default=2.0)" /><field43 name="Enter Rise Delay (default=1.0e-9)" /><field44 name="Enter value for in_low (default=1.0)" /></u1><u2 name="type">adc_bridge<field45 name="Enter Fall Delay (default=1.0e-9)" /><field46 name="Enter value for in_high (default=2.0)" /><field47 name="Enter Rise Delay (default=1.0e-9)" /><field48 name="Enter value for in_low (default=1.0)" /></u2><u5 name="type">d_and<field49 name="Enter Fall Delay (default=1.0e-9)" /><field50 name="Enter Input Load (default=1.0e-12)" /><field51 name="Enter Rise Delay (default=1.0e-9)" /></u5><u7 name="type">d_and<field52 name="Enter Fall Delay (default=1.0e-9)" /><field53 name="Enter Input Load (default=1.0e-12)" /><field54 name="Enter Rise Delay (default=1.0e-9)" /></u7><u8 name="type">d_and<field55 name="Enter Fall Delay (default=1.0e-9)" /><field56 name="Enter Input Load (default=1.0e-12)" /><field57 name="Enter Rise Delay (default=1.0e-9)" /></u8><u9 name="type">d_and<field58 name="Enter Fall Delay (default=1.0e-9)" /><field59 name="Enter Input Load (default=1.0e-12)" /><field60 name="Enter Rise Delay (default=1.0e-9)" /></u9><u14 name="type">d_or<field61 name="Enter Fall Delay (default=1.0e-9)" /><field62 name="Enter Input Load (default=1.0e-12)" /><field63 name="Enter Rise Delay (default=1.0e-9)" /></u14><u13 name="type">d_and<field64 name="Enter Fall Delay (default=1.0e-9)" /><field65 name="Enter Input Load (default=1.0e-12)" /><field66 name="Enter Rise Delay (default=1.0e-9)" /></u13><u19 name="type">adc_bridge<field67 name="Enter Fall Delay (default=1.0e-9)" /><field68 name="Enter value for in_high (default=2.0)" /><field69 name="Enter Rise Delay (default=1.0e-9)" /><field70 name="Enter value for in_low (default=1.0)" /></u19><u3 name="type">adc_bridge<field71 name="Enter Fall Delay (default=1.0e-9)" /><field72 name="Enter value for in_high (default=2.0)" /><field73 name="Enter Rise Delay (default=1.0e-9)" /><field74 name="Enter value for in_low (default=1.0)" /></u3><u12 name="type">dac_bridge<field75 name="Enter value for input load (default=1.0e-12)" /><field76 name="Enter value for out_low (default=0.0)" /><field77 name="Enter value for out_high (default=5.0)" /><field78 name="Enter the Rise Time (default=1.0e-9)" /><field79 name="Enter the Fall Time (default=1.0e-9)" /><field80 name="Enter value for out_undef (default=0.5)" /></u12></model><devicemodel /><subcircuit /></KicadtoNgspice>