<KicadtoNgspice><source><v2 name="Source type">dc<field1 name="Value">10</field1></v2><v1 name="Source type">sine<field1 name="Offset Value">0</field1><field2 name="Amplitude">10m</field2><field3 name="Frequency">1k</field3><field4 name="Delay Time">0</field4><field5 name="Damping Factor">0</field5></v1></source><model /><devicemodel><q1><field>C:/Users/Sai/Desktop/eSim/src/deviceModelLibrary/Transistor/NPN.lib</field></q1><q2><field>C:/Users/Sai/Desktop/eSim/src/deviceModelLibrary/Transistor/NPN.lib</field></q2></devicemodel><subcircuit /><analysis><ac><field1 name="Lin">true</field1><field2 name="Dec">false</field2><field3 name="Oct">false</field3><field4 name="Start Frequency">1</field4><field5 name="Stop Frequency">10</field5><field6 name="No. of points">5</field6><field7 name="Start Fre Combo">KHz</field7><field8 name="Stop Fre Combo">Hz</field8></ac><dc><field1 name="Source 1" /><field2 name="Start" /><field3 name="Increment" /><field4 name="Stop" /><field5 name="Operating Point">0</field5><field6 name="Start Combo">Volts or Amperes</field6><field7 name="Increment Combo">Volts or Amperes</field7><field8 name="Stop Combo">Volts or Amperes</field8><field9 name="Source 2" /><field10 name="Start" /><field11 name="Increment" /><field12 name="Stop" /><field13 name="Start Combo">Volts or Amperes</field13><field14 name="Increment Combo">Volts or Amperes</field14><field15 name="Stop Combo">Volts or Amperes</field15></dc><tran><field1 name="Start Time">0</field1><field2 name="Step Time">10</field2><field3 name="Stop Time">10</field3><field4 name="Start Combo">ms</field4><field5 name="Step Combo">us</field5><field6 name="Stop Combo">ms</field6></tran></analysis></KicadtoNgspice>