{"source": {"v1": {"values": [{"Value": "10"}], "type": "dc"}, "v2": {"values": [{"Offset Value": "0"}, {"Amplitude": "10m"}, {"Freuency": "1k"}, {"Delay Time": "0"}, {"Damping Factor": "0"}], "type": "sine"}}, "model": {}, "deviceModel": {"q1": ["/home/fossee/workFolder/clones/esim/json/eSim/src/deviceModelLibrary/Transistor/NPN.lib"]}, "analysis": {"ac": {"No. of points": "", "Lin": "true", "Stop Frequency": "", "Start Fre Combo": "Hz", "Stop Fre Combo": "Hz", "Start Frequency": "", "Dec": "false", "Oct": "false"}, "tran": {"Stop Combo": "ms", "Stop Time": "10", "Step Combo": "us", "Start Time": "0", "Start Combo": "ms", "Step Time": "10"}, "dc": {"Stop Combo": "Volts or Amperes", "Start Combo2": "Volts or Amperes", "Source 1": "", "Stop Combo2": "Volts or Amperes", "Start2": "", "Stop": "", "Increment2": "", "Stop2": "", "Start": "", "Operating Point": "0", "Start Combo": "Volts or Amperes", "Increment": "", "Increment Combo": "Volts or Amperes", "Increment Combo2": "Volts or Amperes", "Source 2": ""}}, "subcircuit": {}}