<KicadtoNgspice><source><v1 name="Source type">dc<field1 name="Value">10</field1></v1><v2 name="Source type">sine<field1 name="Offset Value">0</field1><field2 name="Amplitude">10m</field2><field3 name="Frequency">1k</field3><field4 name="Delay Time">0</field4><field5 name="Damping Factor">0</field5></v2><v1 name="Source type">100</v1><v2 name="Source type">20m)</v2></source><model /><devicemodel><d2><field>/home/manav/Downloads/eSim-1.1.2/src/deviceModelLibrary/Diode/PowerDiode.lib</field></d2><d1><field>/home/manav/Downloads/eSim-1.1.2/src/deviceModelLibrary/Diode/PowerDiode.lib</field></d1></devicemodel><subcircuit><x1><field>/home/manav/Downloads/eSim-1.1.2/src/SubcircuitLibrary/scr</field></x1></subcircuit><analysis><ac><field1 name="Lin">false</field1><field2 name="Dec">true</field2><field3 name="Oct">false</field3><field4 name="Start Frequency" /><field5 name="Stop Frequency" /><field6 name="No. of points" /><field7 name="Start Fre Combo">Hz</field7><field8 name="Stop Fre Combo">Hz</field8></ac><dc><field1 name="Source 1" /><field2 name="Start" /><field3 name="Increment" /><field4 name="Stop" /><field5 name="Operating Point">0</field5><field6 name="Start Combo">Volts or Amperes</field6><field7 name="Increment Combo">Volts or Amperes</field7><field8 name="Stop Combo">Volts or Amperes</field8><field9 name="Source 2" /><field10 name="Start" /><field11 name="Increment" /><field12 name="Stop" /><field13 name="Start Combo">Volts or Amperes</field13><field14 name="Increment Combo">Volts or Amperes</field14><field15 name="Stop Combo">Volts or Amperes</field15></dc><tran><field1 name="Start Time">0</field1><field2 name="Step Time">10</field2><field3 name="Stop Time">10</field3><field4 name="Start Combo">ms</field4><field5 name="Step Combo">us</field5><field6 name="Stop Combo">ms</field6></tran></analysis></KicadtoNgspice>