<?xml version="1.0" encoding="UTF-8"?>
<export version="D">
  <design>
    <source>C:\Users\User\eSim-Workspace\HARTELYOSCILLATOR\HARTELYOSCILLATOR.sch</source>
    <date>1/31/2018 4:34:16 PM</date>
    <tool>Eeschema 4.0.2-stable</tool>
    <sheet number="1" name="/" tstamps="/">
      <title_block>
        <title/>
        <company/>
        <rev/>
        <date/>
        <source>HARTELYOSCILLATOR.sch</source>
        <comment number="1" value=""/>
        <comment number="2" value=""/>
        <comment number="3" value=""/>
        <comment number="4" value=""/>
      </title_block>
    </sheet>
  </design>
  <components>
    <comp ref="R1">
      <value>380k</value>
      <libsource lib="device" part="R"/>
      <sheetpath names="/" tstamps="/"/>
      <tstamp>5A6D5C6D</tstamp>
    </comp>
    <comp ref="R3">
      <value>4.8k</value>
      <libsource lib="device" part="R"/>
      <sheetpath names="/" tstamps="/"/>
      <tstamp>5A6D5CC9</tstamp>
    </comp>
    <comp ref="R2">
      <value>72k</value>
      <libsource lib="device" part="R"/>
      <sheetpath names="/" tstamps="/"/>
      <tstamp>5A6D5CF0</tstamp>
    </comp>
    <comp ref="R4">
      <value>1.2k</value>
      <libsource lib="device" part="R"/>
      <sheetpath names="/" tstamps="/"/>
      <tstamp>5A6D5D29</tstamp>
    </comp>
    <comp ref="C3">
      <value>0.1u</value>
      <libsource lib="device" part="C"/>
      <sheetpath names="/" tstamps="/"/>
      <tstamp>5A6D5D35</tstamp>
    </comp>
    <comp ref="Q1">
      <value>BC547</value>
      <footprint>TO-92</footprint>
      <libsource lib="transistors" part="BC547"/>
      <sheetpath names="/" tstamps="/"/>
      <tstamp>5A6D5D8D</tstamp>
    </comp>
    <comp ref="C2">
      <value>0.01u</value>
      <libsource lib="device" part="C"/>
      <sheetpath names="/" tstamps="/"/>
      <tstamp>5A6D674D</tstamp>
    </comp>
    <comp ref="C1">
      <value>0.1u</value>
      <libsource lib="device" part="C"/>
      <sheetpath names="/" tstamps="/"/>
      <tstamp>5A6D6784</tstamp>
    </comp>
    <comp ref="C4">
      <value>0.1u</value>
      <libsource lib="device" part="C"/>
      <sheetpath names="/" tstamps="/"/>
      <tstamp>5A6D6807</tstamp>
    </comp>
    <comp ref="L1">
      <value>12.6m</value>
      <libsource lib="device" part="INDUCTOR"/>
      <sheetpath names="/" tstamps="/"/>
      <tstamp>5A7272D3</tstamp>
    </comp>
    <comp ref="L2">
      <value>12.6m</value>
      <libsource lib="device" part="INDUCTOR"/>
      <sheetpath names="/" tstamps="/"/>
      <tstamp>5A72736D</tstamp>
    </comp>
  </components>
  <libparts>
    <libpart lib="transistors" part="BC547">
      <aliases>
        <alias>BC546</alias>
        <alias>BC548</alias>
        <alias>BC549</alias>
        <alias>BC550</alias>
      </aliases>
      <description>45V Vce, 0.1A Ic, NPN, Small Signal Transistor, TO-92</description>
      <docs>http://www.fairchildsemi.com/ds/BC/BC547.pdf</docs>
      <footprints>
        <fp>TO-92*</fp>
      </footprints>
      <fields>
        <field name="Reference">Q</field>
        <field name="Value">BC547</field>
        <field name="Footprint">TO-92</field>
      </fields>
      <pins>
        <pin num="1" name="C" type="passive"/>
        <pin num="2" name="B" type="input"/>
        <pin num="3" name="E" type="passive"/>
      </pins>
    </libpart>
    <libpart lib="device" part="C">
      <description>Unpolarized capacitor</description>
      <footprints>
        <fp>C?</fp>
        <fp>C_????_*</fp>
        <fp>C_????</fp>
        <fp>SMD*_c</fp>
        <fp>Capacitor*</fp>
      </footprints>
      <fields>
        <field name="Reference">C</field>
        <field name="Value">C</field>
      </fields>
      <pins>
        <pin num="1" name="~" type="passive"/>
        <pin num="2" name="~" type="passive"/>
      </pins>
    </libpart>
    <libpart lib="device" part="INDUCTOR">
      <fields>
        <field name="Reference">L</field>
        <field name="Value">INDUCTOR</field>
      </fields>
      <pins>
        <pin num="1" name="1" type="passive"/>
        <pin num="2" name="2" type="passive"/>
      </pins>
    </libpart>
    <libpart lib="device" part="R">
      <description>Resistor</description>
      <footprints>
        <fp>R_*</fp>
        <fp>Resistor_*</fp>
      </footprints>
      <fields>
        <field name="Reference">R</field>
        <field name="Value">R</field>
      </fields>
      <pins>
        <pin num="1" name="~" type="passive"/>
        <pin num="2" name="~" type="passive"/>
      </pins>
    </libpart>
  </libparts>
  <libraries>
    <library logical="device">
      <uri>C:\Program Files (x86)\KiCad\share\kicad\library\device.lib</uri>
    </library>
    <library logical="transistors">
      <uri>C:\Program Files (x86)\KiCad\share\kicad\library\transistors.lib</uri>
    </library>
  </libraries>
  <nets>
    <net code="1" name="Net-(C1-Pad2)">
      <node ref="R1" pin="2"/>
      <node ref="R2" pin="1"/>
      <node ref="Q1" pin="2"/>
      <node ref="C1" pin="2"/>
    </net>
    <net code="2" name="Net-(C4-Pad2)">
      <node ref="C4" pin="2"/>
      <node ref="R3" pin="2"/>
      <node ref="Q1" pin="1"/>
    </net>
    <net code="3" name="Net-(C3-Pad1)">
      <node ref="Q1" pin="3"/>
      <node ref="R4" pin="1"/>
      <node ref="C3" pin="1"/>
    </net>
    <net code="4" name="GND">
      <node ref="L2" pin="1"/>
      <node ref="C3" pin="2"/>
      <node ref="R4" pin="2"/>
      <node ref="R2" pin="2"/>
      <node ref="L1" pin="2"/>
    </net>
    <net code="5" name="Net-(C1-Pad1)">
      <node ref="L1" pin="1"/>
      <node ref="C2" pin="1"/>
      <node ref="C1" pin="1"/>
    </net>
    <net code="6" name="Net-(C2-Pad2)">
      <node ref="C2" pin="2"/>
      <node ref="C4" pin="1"/>
      <node ref="L2" pin="2"/>
    </net>
    <net code="7" name="VCC">
      <node ref="R1" pin="1"/>
      <node ref="R3" pin="1"/>
    </net>
  </nets>
</export>
