<KicadtoNgspice><analysis><ac><field1 name="Lin">true</field1><field2 name="Dec">false</field2><field3 name="Oct">false</field3><field4 name="Start Frequency" /><field5 name="Stop Frequency" /><field6 name="No. of points" /><field7 name="Start Fre Combo">Hz</field7><field8 name="Stop Fre Combo">Hz</field8></ac><dc><field1 name="Source 1" /><field2 name="Start" /><field3 name="Increment" /><field4 name="Stop" /><field5 name="Operating Point">0</field5><field6 name="Start Combo">Volts or Amperes</field6><field7 name="Increment Combo">Volts or Amperes</field7><field8 name="Stop Combo">Volts or Amperes</field8><field9 name="Source 2" /><field10 name="Start" /><field11 name="Increment" /><field12 name="Stop" /><field13 name="Start Combo">Volts or Amperes</field13><field14 name="Increment Combo">Volts or Amperes</field14><field15 name="Stop Combo">Volts or Amperes</field15></dc><tran><field1 name="Start Time">0</field1><field2 name="Step Time">10</field2><field3 name="Stop Time">100</field3><field4 name="Start Combo">Sec</field4><field5 name="Step Combo">Sec</field5><field6 name="Stop Combo">Sec</field6></tran></analysis><source><v1 name="Source type">dc<field1 name="Value">5</field1></v1><v3 name="Source type">dc<field1 name="Value">0</field1></v3><v4 name="Source type">0</v4><v5 name="Source type">0</v5><v2 name="Source type">pulse<field1 name="Initial Value">0</field1><field2 name="Pulse Value">5</field2><field3 name="Delay Time">1m</field3><field4 name="Rise Time">1m</field4><field5 name="Fall Time">1m</field5><field5 name="Pulse width">20</field5><field5 name="Period">40</field5></v2></source><model><u6 name="type">adc_bridge<field1 name="Enter Fall Delay (default=1.0e-9)" /><field2 name="Enter value for in_high (default=2.0)" /><field3 name="Enter Rise Delay (default=1.0e-9)" /><field4 name="Enter value for in_low (default=1.0)" /></u6><u7 name="type">dac_bridge<field5 name="Enter value for input load (default=1.0e-12)" /><field6 name="Enter value for out_low (default=0.0)" /><field7 name="Enter value for out_high (default=5.0)" /><field8 name="Enter the Rise Time (default=1.0e-9)" /><field9 name="Enter the Fall Time (default=1.0e-9)" /><field10 name="Enter value for out_undef (default=0.5)" /></u7><u9 name="type">d_jkff<field11 name="Enter IC (default=0)" /><field12 name="Enter Fall Delay (default=1.0e-9)" /><field13 name="Enter Set Delay (default=1.0e-9)" /><field14 name="Enter value for Set Load (default=1.0e-12)" /><field15 name="Enter Clk Delay (default=1.0e-9)" /><field16 name="Enter value for Clk Load (default=1.0e-12)" /><field17 name="Enter Reset Delay (default=1.0)" /><field18 name="Enter Rise Delay (default=1.0e-9)" /><field19 name="Enter value for JK Load (default=1.0e-12)" /><field20 name="Enter value for Reset Load (default=1.0e-12)" /></u9><u8 name="type">adc_bridge<field21 name="Enter Fall Delay (default=1.0e-9)" /><field22 name="Enter value for in_high (default=2.0)" /><field23 name="Enter Rise Delay (default=1.0e-9)" /><field24 name="Enter value for in_low (default=1.0)" /></u8><u10 name="type">adc_bridge<field25 name="Enter Fall Delay (default=1.0e-9)" /><field26 name="Enter value for in_high (default=2.0)" /><field27 name="Enter Rise Delay (default=1.0e-9)" /><field28 name="Enter value for in_low (default=1.0)" /></u10></model><devicemodel /><subcircuit /></KicadtoNgspice>