{"source": {"v1": {"values": [], "type": "0v"}, "v2": {"values": [{"Enter in pwl format": "0ms 6 10ms 0 20ms 6 30ms 0 40ms 6 50ms 0 60ms 6 70ms 0 80ms 6"}], "type": "pwl"}, "v3": {"values": [], "type": "0v"}}, "model": {"u5": {"values": [{"Enter Fall Delay (default=1.0e-9)": ""}, {"Enter value for in_high (default=2.0)": ""}, {"Enter Rise Delay (default=1.0e-9)": ""}, {"Enter value for in_low (default=1.0)": ""}], "type": "adc_bridge"}, "u4": {"values": [{"Enter IC (default=0)": ""}, {"Enter Set Delay (default=1.0e-9)": ""}, {"Enter value for Set Load (default=1.0e-12)": ""}, {"Enter Clk Delay (default=1.0e-9)": ""}, {"Enter value for Clk Load (default=1.0e-12)": ""}, {"Enter Reset Delay (default=1.0)": ""}, {"Enter value for Data Load (default=1.0e-12)": ""}, {"Enter Fall Delay (default=1.0e-9)": ""}, {"Enter value for Reset Load (default=1.0e-12)": ""}, {"Enter Rise Delay (default=1.0e-9)": ""}], "type": "d_dff"}, "u7": {"values": [{"Enter value for input load (default=1.0e-12)": ""}, {"Enter value for out_low (default=0.0)": ""}, {"Enter value for out_high (default=5.0)": ""}, {"Enter the Rise Time (default=1.0e-9)": ""}, {"Enter the Fall Time (default=1.0e-9)": ""}, {"Enter value for out_undef (default=0.5)": ""}], "type": "dac_bridge"}, "u6": {"values": [{"Enter IC (default=0)": ""}, {"Enter Set Delay (default=1.0e-9)": ""}, {"Enter value for Set Load (default=1.0e-12)": ""}, {"Enter Clk Delay (default=1.0e-9)": ""}, {"Enter value for Clk Load (default=1.0e-12)": ""}, {"Enter Reset Delay (default=1.0)": ""}, {"Enter value for Data Load (default=1.0e-12)": ""}, {"Enter Fall Delay (default=1.0e-9)": ""}, {"Enter value for Reset Load (default=1.0e-12)": ""}, {"Enter Rise Delay (default=1.0e-9)": ""}], "type": "d_dff"}, "u1": {"values": [{"Enter Fall Delay (default=1.0e-9)": ""}, {"Enter value for in_high (default=2.0)": ""}, {"Enter Rise Delay (default=1.0e-9)": ""}, {"Enter value for in_low (default=1.0)": ""}], "type": "adc_bridge"}, "u3": {"values": [{"Enter Fall Delay (default=1.0e-9)": ""}, {"Enter value for in_high (default=2.0)": ""}, {"Enter Rise Delay (default=1.0e-9)": ""}, {"Enter value for in_low (default=1.0)": ""}], "type": "adc_bridge"}, "u13": {"values": [{"Enter IC (default=0)": ""}, {"Enter Set Delay (default=1.0e-9)": ""}, {"Enter value for Set Load (default=1.0e-12)": ""}, {"Enter Clk Delay (default=1.0e-9)": ""}, {"Enter value for Clk Load (default=1.0e-12)": ""}, {"Enter Reset Delay (default=1.0)": ""}, {"Enter value for Data Load (default=1.0e-12)": ""}, {"Enter Fall Delay (default=1.0e-9)": ""}, {"Enter value for Reset Load (default=1.0e-12)": ""}, {"Enter Rise Delay (default=1.0e-9)": ""}], "type": "d_dff"}, "u12": {"values": [{"Enter IC (default=0)": ""}, {"Enter Set Delay (default=1.0e-9)": ""}, {"Enter value for Set Load (default=1.0e-12)": ""}, {"Enter Clk Delay (default=1.0e-9)": ""}, {"Enter value for Clk Load (default=1.0e-12)": ""}, {"Enter Reset Delay (default=1.0)": ""}, {"Enter value for Data Load (default=1.0e-12)": ""}, {"Enter Fall Delay (default=1.0e-9)": ""}, {"Enter value for Reset Load (default=1.0e-12)": ""}, {"Enter Rise Delay (default=1.0e-9)": ""}], "type": "d_dff"}}, "deviceModel": {}, "analysis": {"ac": {"No. of points": "", "Lin": "true", "Stop Frequency": "", "Start Fre Combo": "Hz", "Stop Fre Combo": "Hz", "Start Frequency": "", "Dec": "false", "Oct": "false"}, "tran": {"Stop Combo": "ms", "Stop Time": "100", "Step Combo": "ms", "Start Time": "0", "Start Combo": "ms", "Step Time": "10"}, "dc": {"Stop Combo": "Volts or Amperes", "Start Combo2": "Volts or Amperes", "Source 1": "", "Stop Combo2": "Volts or Amperes", "Start2": "", "Stop": "", "Increment2": "", "Stop2": "", "Start": "", "Operating Point": "0", "Start Combo": "Volts or Amperes", "Increment": "", "Increment Combo": "Volts or Amperes", "Increment Combo2": "Volts or Amperes", "Source 2": ""}}, "subcircuit": {}}