<KicadtoNgspice><source><v2 name="Source type">pwl<field1 name="Enter in pwl format">0ms 6 10ms 0 20ms 6 30ms 0 40ms 6 50ms 0 60ms 6 70ms 0 80ms 6</field1></v2><v1 name="Source type">0v</v1><v3 name="Source type">0v</v3></source><model><u4 name="type">d_dff<field1 name="Enter IC (default=0)" /><field2 name="Enter Set Delay (default=1.0e-9)" /><field3 name="Enter value for Set Load (default=1.0e-12)" /><field4 name="Enter Clk Delay (default=1.0e-9)" /><field5 name="Enter value for Clk Load (default=1.0e-12)" /><field6 name="Enter Reset Delay (default=1.0)" /><field7 name="Enter value for Data Load (default=1.0e-12)" /><field8 name="Enter Fall Delay (default=1.0e-9)" /><field9 name="Enter value for Reset Load (default=1.0e-12)" /><field10 name="Enter Rise Delay (default=1.0e-9)" /></u4><u6 name="type">d_dff<field11 name="Enter IC (default=0)" /><field12 name="Enter Set Delay (default=1.0e-9)" /><field13 name="Enter value for Set Load (default=1.0e-12)" /><field14 name="Enter Clk Delay (default=1.0e-9)" /><field15 name="Enter value for Clk Load (default=1.0e-12)" /><field16 name="Enter Reset Delay (default=1.0)" /><field17 name="Enter value for Data Load (default=1.0e-12)" /><field18 name="Enter Fall Delay (default=1.0e-9)" /><field19 name="Enter value for Reset Load (default=1.0e-12)" /><field20 name="Enter Rise Delay (default=1.0e-9)" /></u6><u12 name="type">d_dff<field21 name="Enter IC (default=0)" /><field22 name="Enter Set Delay (default=1.0e-9)" /><field23 name="Enter value for Set Load (default=1.0e-12)" /><field24 name="Enter Clk Delay (default=1.0e-9)" /><field25 name="Enter value for Clk Load (default=1.0e-12)" /><field26 name="Enter Reset Delay (default=1.0)" /><field27 name="Enter value for Data Load (default=1.0e-12)" /><field28 name="Enter Fall Delay (default=1.0e-9)" /><field29 name="Enter value for Reset Load (default=1.0e-12)" /><field30 name="Enter Rise Delay (default=1.0e-9)" /></u12><u13 name="type">d_dff<field31 name="Enter IC (default=0)" /><field32 name="Enter Set Delay (default=1.0e-9)" /><field33 name="Enter value for Set Load (default=1.0e-12)" /><field34 name="Enter Clk Delay (default=1.0e-9)" /><field35 name="Enter value for Clk Load (default=1.0e-12)" /><field36 name="Enter Reset Delay (default=1.0)" /><field37 name="Enter value for Data Load (default=1.0e-12)" /><field38 name="Enter Fall Delay (default=1.0e-9)" /><field39 name="Enter value for Reset Load (default=1.0e-12)" /><field40 name="Enter Rise Delay (default=1.0e-9)" /></u13><u7 name="type">dac_bridge<field41 name="Enter value for input load (default=1.0e-12)" /><field42 name="Enter value for out_low (default=0.0)" /><field43 name="Enter value for out_high (default=5.0)" /><field44 name="Enter the Rise Time (default=1.0e-9)" /><field45 name="Enter the Fall Time (default=1.0e-9)" /><field46 name="Enter value for out_undef (default=0.5)" /></u7><u5 name="type">adc_bridge<field47 name="Enter Fall Delay (default=1.0e-9)" /><field48 name="Enter value for in_high (default=2.0)" /><field49 name="Enter Rise Delay (default=1.0e-9)" /><field50 name="Enter value for in_low (default=1.0)" /></u5><u1 name="type">adc_bridge<field51 name="Enter Fall Delay (default=1.0e-9)" /><field52 name="Enter value for in_high (default=2.0)" /><field53 name="Enter Rise Delay (default=1.0e-9)" /><field54 name="Enter value for in_low (default=1.0)" /></u1><u3 name="type">adc_bridge<field55 name="Enter Fall Delay (default=1.0e-9)" /><field56 name="Enter value for in_high (default=2.0)" /><field57 name="Enter Rise Delay (default=1.0e-9)" /><field58 name="Enter value for in_low (default=1.0)" /></u3></model><devicemodel /><subcircuit /><analysis><ac><field1 name="Lin">true</field1><field2 name="Dec">false</field2><field3 name="Oct">false</field3><field4 name="Start Frequency" /><field5 name="Stop Frequency" /><field6 name="No. of points" /><field7 name="Start Fre Combo">Hz</field7><field8 name="Stop Fre Combo">Hz</field8></ac><dc><field1 name="Source 1" /><field2 name="Start" /><field3 name="Increment" /><field4 name="Stop" /><field5 name="Operating Point">0</field5><field6 name="Start Combo">Volts or Amperes</field6><field7 name="Increment Combo">Volts or Amperes</field7><field8 name="Stop Combo">Volts or Amperes</field8><field9 name="Source 2" /><field10 name="Start" /><field11 name="Increment" /><field12 name="Stop" /><field13 name="Start Combo">Volts or Amperes</field13><field14 name="Increment Combo">Volts or Amperes</field14><field15 name="Stop Combo">Volts or Amperes</field15></dc><tran><field1 name="Start Time">0</field1><field2 name="Step Time">10</field2><field3 name="Stop Time">100</field3><field4 name="Start Combo">ms</field4><field5 name="Step Combo">ms</field5><field6 name="Stop Combo">ms</field6></tran></analysis></KicadtoNgspice>