<KicadtoNgspice><source><v4 name="Source type">dc<field1 name="Value">0</field1></v4><v5 name="Source type">dc<field1 name="Value">5</field1></v5><v6 name="Source type">dc<field1 name="Value">5</field1></v6><v7 name="Source type">dc<field1 name="Value">5</field1></v7><v1 name="Source type">dc<field1 name="Value">0</field1></v1><v2 name="Source type">dc<field1 name="Value">0</field1></v2><v3 name="Source type">dc<field1 name="Value">5</field1></v3><v8 name="Source type">dc<field1 name="Value">0</field1></v8><v9 name="Source type">dc<field1 name="Value">0</field1></v9><v10 name="Source type">dc<field1 name="Value">0</field1></v10><v12 name="Source type">dc<field1 name="Value">0</field1></v12><v11 name="Source type">dc<field1 name="Value">5</field1></v11></source><model><u10 name="type">adc_bridge<field1 name="Enter Fall Delay (default=1.0e-9)" /><field2 name="Enter value for in_high (default=2.0)" /><field3 name="Enter Rise Delay (default=1.0e-9)" /><field4 name="Enter value for in_low (default=1.0)" /></u10><u11 name="type">adc_bridge<field5 name="Enter Fall Delay (default=1.0e-9)" /><field6 name="Enter value for in_high (default=2.0)" /><field7 name="Enter Rise Delay (default=1.0e-9)" /><field8 name="Enter value for in_low (default=1.0)" /></u11><u16 name="type">adc_bridge<field9 name="Enter Fall Delay (default=1.0e-9)" /><field10 name="Enter value for in_high (default=2.0)" /><field11 name="Enter Rise Delay (default=1.0e-9)" /><field12 name="Enter value for in_low (default=1.0)" /></u16><u13 name="type">adc_bridge<field13 name="Enter Fall Delay (default=1.0e-9)" /><field14 name="Enter value for in_high (default=2.0)" /><field15 name="Enter Rise Delay (default=1.0e-9)" /><field16 name="Enter value for in_low (default=1.0)" /></u13><u17 name="type">dac_bridge<field17 name="Enter value for input load (default=1.0e-12)" /><field18 name="Enter value for out_low (default=0.0)" /><field19 name="Enter value for out_high (default=5.0)" /><field20 name="Enter the Rise Time (default=1.0e-9)" /><field21 name="Enter the Fall Time (default=1.0e-9)" /><field22 name="Enter value for out_undef (default=0.5)" /></u17><u2 name="type">d_and<field1 name="Enter Fall Delay (default=1.0e-9)" /><field2 name="Enter Input Load (default=1.0e-12)" /><field3 name="Enter Rise Delay (default=1.0e-9)" /></u2><u3 name="type">d_or<field4 name="Enter Fall Delay (default=1.0e-9)" /><field5 name="Enter Input Load (default=1.0e-12)" /><field6 name="Enter Rise Delay (default=1.0e-9)" /></u3><u8 name="type">d_xor<field7 name="Enter Fall Delay (default=1.0e-9)" /><field8 name="Enter Input Load (default=1.0e-12)" /><field9 name="Enter Rise Delay (default=1.0e-9)" /></u8><u4 name="type">d_inverter<field10 name="Enter Fall Delay (default=1.0e-9)" /><field11 name="Enter Input Load (default=1.0e-12)" /><field12 name="Enter Rise Delay (default=1.0e-9)" /></u4><u5 name="type">d_and<field13 name="Enter Fall Delay (default=1.0e-9)" /><field14 name="Enter Input Load (default=1.0e-12)" /><field15 name="Enter Rise Delay (default=1.0e-9)" /></u5><u6 name="type">d_or<field16 name="Enter Fall Delay (default=1.0e-9)" /><field17 name="Enter Input Load (default=1.0e-12)" /><field18 name="Enter Rise Delay (default=1.0e-9)" /></u6><u9 name="type">d_xor<field19 name="Enter Fall Delay (default=1.0e-9)" /><field20 name="Enter Input Load (default=1.0e-12)" /><field21 name="Enter Rise Delay (default=1.0e-9)" /></u9><u7 name="type">d_inverter<field22 name="Enter Fall Delay (default=1.0e-9)" /><field23 name="Enter Input Load (default=1.0e-12)" /><field24 name="Enter Rise Delay (default=1.0e-9)" /></u7></model><devicemodel /><subcircuit><x1><field>C:\Users\malli\eSim\src\SubcircuitLibrary\74153</field></x1></subcircuit><analysis><ac><field1 name="Lin">true</field1><field2 name="Dec">false</field2><field3 name="Oct">false</field3><field4 name="Start Frequency" /><field5 name="Stop Frequency" /><field6 name="No. of points" /><field7 name="Start Fre Combo">Hz</field7><field8 name="Stop Fre Combo">Hz</field8></ac><dc><field1 name="Source 1" /><field2 name="Start" /><field3 name="Increment" /><field4 name="Stop" /><field5 name="Operating Point">0</field5><field6 name="Start Combo">Volts or Amperes</field6><field7 name="Increment Combo">Volts or Amperes</field7><field8 name="Stop Combo">Volts or Amperes</field8><field9 name="Source 2" /><field10 name="Start" /><field11 name="Increment" /><field12 name="Stop" /><field13 name="Start Combo">Volts or Amperes</field13><field14 name="Increment Combo">Volts or Amperes</field14><field15 name="Stop Combo">Volts or Amperes</field15></dc><tran><field1 name="Start Time">0</field1><field2 name="Step Time">10</field2><field3 name="Stop Time">100</field3><field4 name="Start Combo">Sec</field4><field5 name="Step Combo">ms</field5><field6 name="Stop Combo">ms</field6></tran></analysis></KicadtoNgspice>