<KicadtoNgspice><source><v1 name="Source type">sine<field1 name="Offset Value">0</field1><field2 name="Amplitude">6</field2><field3 name="Frequency">1000</field3><field4 name="Delay Time">0</field4><field5 name="Damping Factor">0</field5></v1><v2 name="Source type">sine<field1 name="Offset Value">0</field1><field2 name="Amplitude">5</field2><field3 name="Frequency">1000</field3><field4 name="Delay Time">0</field4><field5 name="Damping Factor">0</field5></v2></source><model /><devicemodel /><subcircuit><x1><field>C:\esim\eSim\src\SubcircuitLibrary\ua741</field></x1></subcircuit><analysis><ac><field1 name="Lin">false</field1><field2 name="Dec">true</field2><field3 name="Oct">false</field3><field4 name="Start Frequency">10</field4><field5 name="Stop Frequency">1000</field5><field6 name="No. of points" /><field7 name="Start Fre Combo">Hz</field7><field8 name="Stop Fre Combo">Hz</field8></ac><dc><field1 name="Source 1" /><field2 name="Start" /><field3 name="Increment" /><field4 name="Stop" /><field5 name="Operating Point">0</field5><field6 name="Start Combo">Volts or Amperes</field6><field7 name="Increment Combo">Volts or Amperes</field7><field8 name="Stop Combo">Volts or Amperes</field8><field9 name="Source 2" /><field10 name="Start" /><field11 name="Increment" /><field12 name="Stop" /><field13 name="Start Combo">Volts or Amperes</field13><field14 name="Increment Combo">Volts or Amperes</field14><field15 name="Stop Combo">Volts or Amperes</field15></dc><tran><field1 name="Start Time">0</field1><field2 name="Step Time">30</field2><field3 name="Stop Time">40</field3><field4 name="Start Combo">Sec</field4><field5 name="Step Combo">ms</field5><field6 name="Stop Combo">ms</field6></tran></analysis></KicadtoNgspice>