<?xml version="1.0" encoding="UTF-8"?>
<export version="D">
  <design>
    <source>C:/Users/LENOVO/eSim-Workspace/parkavi/parkavi.sch</source>
    <date>01/18/18 22:15:22</date>
    <tool>Eeschema 4.0.2-stable</tool>
    <sheet number="1" name="/" tstamps="/">
      <title_block>
        <title/>
        <company/>
        <rev/>
        <date/>
        <source>parkavi.sch</source>
        <comment number="1" value=""/>
        <comment number="2" value=""/>
        <comment number="3" value=""/>
        <comment number="4" value=""/>
      </title_block>
    </sheet>
  </design>
  <components>
    <comp ref="R3">
      <value>2.2K</value>
      <libsource lib="device" part="R"/>
      <sheetpath names="/" tstamps="/"/>
      <tstamp>59F02ACE</tstamp>
    </comp>
    <comp ref="R2">
      <value>47k</value>
      <libsource lib="device" part="R"/>
      <sheetpath names="/" tstamps="/"/>
      <tstamp>59F02B85</tstamp>
    </comp>
    <comp ref="R6">
      <value>4.7k</value>
      <libsource lib="device" part="R"/>
      <sheetpath names="/" tstamps="/"/>
      <tstamp>59F02BD6</tstamp>
    </comp>
    <comp ref="R1">
      <value>10k</value>
      <libsource lib="device" part="R"/>
      <sheetpath names="/" tstamps="/"/>
      <tstamp>59F02BF7</tstamp>
    </comp>
    <comp ref="R4">
      <value>680</value>
      <libsource lib="device" part="R"/>
      <sheetpath names="/" tstamps="/"/>
      <tstamp>59F02C16</tstamp>
    </comp>
    <comp ref="R5">
      <value>4.7k</value>
      <libsource lib="device" part="R"/>
      <sheetpath names="/" tstamps="/"/>
      <tstamp>59F02C7B</tstamp>
    </comp>
    <comp ref="C5">
      <value>0.01u</value>
      <libsource lib="device" part="C"/>
      <sheetpath names="/" tstamps="/"/>
      <tstamp>59F02CFE</tstamp>
    </comp>
    <comp ref="C4">
      <value>0.01u</value>
      <libsource lib="device" part="C"/>
      <sheetpath names="/" tstamps="/"/>
      <tstamp>59F02D65</tstamp>
    </comp>
    <comp ref="C2">
      <value>0.01u</value>
      <libsource lib="device" part="C"/>
      <sheetpath names="/" tstamps="/"/>
      <tstamp>59F02D94</tstamp>
    </comp>
    <comp ref="C1">
      <value>22u</value>
      <libsource lib="device" part="C"/>
      <sheetpath names="/" tstamps="/"/>
      <tstamp>59F02E16</tstamp>
    </comp>
    <comp ref="R7">
      <value>4.7k</value>
      <libsource lib="device" part="R"/>
      <sheetpath names="/" tstamps="/"/>
      <tstamp>59F033D7</tstamp>
    </comp>
    <comp ref="Q1">
      <value>BC547</value>
      <footprint>TO-92</footprint>
      <libsource lib="transistors" part="BC547"/>
      <sheetpath names="/" tstamps="/"/>
      <tstamp>59F035C7</tstamp>
    </comp>
    <comp ref="v1">
      <value>DC</value>
      <footprint>R1</footprint>
      <libsource lib="eSim_Sources" part="DC"/>
      <sheetpath names="/" tstamps="/"/>
      <tstamp>59F0467B</tstamp>
    </comp>
    <comp ref="U1">
      <value>plot_v1</value>
      <libsource lib="eSim_Plot" part="plot_v1"/>
      <sheetpath names="/" tstamps="/"/>
      <tstamp>59F05574</tstamp>
    </comp>
  </components>
  <libparts>
    <libpart lib="transistors" part="BC547">
      <aliases>
        <alias>BC546</alias>
        <alias>BC548</alias>
        <alias>BC549</alias>
        <alias>BC550</alias>
      </aliases>
      <description>45V Vce, 0.1A Ic, NPN, Small Signal Transistor, TO-92</description>
      <docs>http://www.fairchildsemi.com/ds/BC/BC547.pdf</docs>
      <footprints>
        <fp>TO-92*</fp>
      </footprints>
      <fields>
        <field name="Reference">Q</field>
        <field name="Value">BC547</field>
        <field name="Footprint">TO-92</field>
      </fields>
      <pins>
        <pin num="1" name="C" type="passive"/>
        <pin num="2" name="B" type="input"/>
        <pin num="3" name="E" type="passive"/>
      </pins>
    </libpart>
    <libpart lib="device" part="C">
      <description>Unpolarized capacitor</description>
      <footprints>
        <fp>C?</fp>
        <fp>C_????_*</fp>
        <fp>C_????</fp>
        <fp>SMD*_c</fp>
        <fp>Capacitor*</fp>
      </footprints>
      <fields>
        <field name="Reference">C</field>
        <field name="Value">C</field>
      </fields>
      <pins>
        <pin num="1" name="~" type="passive"/>
        <pin num="2" name="~" type="passive"/>
      </pins>
    </libpart>
    <libpart lib="eSim_Sources" part="DC">
      <footprints>
        <fp>1_pin</fp>
      </footprints>
      <fields>
        <field name="Reference">v</field>
        <field name="Value">DC</field>
        <field name="Footprint">R1</field>
      </fields>
      <pins>
        <pin num="1" name="+" type="passive"/>
        <pin num="2" name="-" type="passive"/>
      </pins>
    </libpart>
    <libpart lib="device" part="R">
      <description>Resistor</description>
      <footprints>
        <fp>R_*</fp>
        <fp>Resistor_*</fp>
      </footprints>
      <fields>
        <field name="Reference">R</field>
        <field name="Value">R</field>
      </fields>
      <pins>
        <pin num="1" name="~" type="passive"/>
        <pin num="2" name="~" type="passive"/>
      </pins>
    </libpart>
    <libpart lib="eSim_Plot" part="plot_v1">
      <fields>
        <field name="Reference">U</field>
        <field name="Value">plot_v1</field>
      </fields>
      <pins>
        <pin num="~" name="~" type="input"/>
      </pins>
    </libpart>
  </libparts>
  <libraries>
    <library logical="device">
      <uri>C:\Program Files\KiCad\share\kicad\library\device.lib</uri>
    </library>
    <library logical="transistors">
      <uri>C:\Program Files\KiCad\share\kicad\library\transistors.lib</uri>
    </library>
    <library logical="eSim_Sources">
      <uri>C:\Program Files\KiCad\share\library\eSim_Sources.lib</uri>
    </library>
    <library logical="eSim_Plot">
      <uri>C:\Program Files\KiCad\share\library\eSim_Plot.lib</uri>
    </library>
  </libraries>
  <nets>
    <net code="1" name="Net-(C5-Pad1)">
      <node ref="R7" pin="1"/>
      <node ref="C5" pin="1"/>
    </net>
    <net code="2" name="Net-(C4-Pad1)">
      <node ref="R6" pin="2"/>
      <node ref="C4" pin="1"/>
      <node ref="C5" pin="2"/>
    </net>
    <net code="3" name="Net-(C2-Pad2)">
      <node ref="Q1" pin="1"/>
      <node ref="C2" pin="2"/>
      <node ref="R3" pin="2"/>
    </net>
    <net code="4" name="GND">
      <node ref="v1" pin="2"/>
      <node ref="R6" pin="1"/>
      <node ref="R1" pin="2"/>
      <node ref="R4" pin="2"/>
      <node ref="R5" pin="2"/>
      <node ref="C1" pin="2"/>
    </net>
    <net code="5" name="Net-(C2-Pad1)">
      <node ref="C4" pin="2"/>
      <node ref="R5" pin="1"/>
      <node ref="C2" pin="1"/>
    </net>
    <net code="6" name="Net-(Q1-Pad2)">
      <node ref="Q1" pin="2"/>
      <node ref="R7" pin="2"/>
      <node ref="R1" pin="1"/>
      <node ref="R2" pin="1"/>
    </net>
    <net code="7" name="Net-(U1-Pad~)">
      <node ref="U1" pin="~"/>
    </net>
    <net code="8" name="Net-(R2-Pad2)">
      <node ref="v1" pin="1"/>
      <node ref="R3" pin="1"/>
      <node ref="R2" pin="2"/>
    </net>
    <net code="9" name="Net-(C1-Pad1)">
      <node ref="Q1" pin="3"/>
      <node ref="R4" pin="1"/>
      <node ref="C1" pin="1"/>
    </net>
  </nets>
</export>
