<KicadtoNgspice><analysis><ac><field1 name="Lin">false</field1><field2 name="Dec">true</field2><field3 name="Oct">false</field3><field4 name="Start Frequency">1</field4><field5 name="Stop Frequency">10</field5><field6 name="No. of points">100</field6><field7 name="Start Fre Combo">Hz</field7><field8 name="Stop Fre Combo">GHz</field8></ac><dc><field1 name="Source 1">12</field1><field2 name="Start">0</field2><field3 name="Increment">1</field3><field4 name="Stop">10</field4><field5 name="Operating Point">0</field5><field6 name="Start Combo">Volts or Amperes</field6><field7 name="Increment Combo">Volts or Amperes</field7><field8 name="Stop Combo">Volts or Amperes</field8><field9 name="Source 2" /><field10 name="Start" /><field11 name="Increment" /><field12 name="Stop" /><field13 name="Start Combo">Volts or Amperes</field13><field14 name="Increment Combo">Volts or Amperes</field14><field15 name="Stop Combo">Volts or Amperes</field15></dc><tran><field1 name="Start Time">0</field1><field2 name="Step Time">10</field2><field3 name="Stop Time">100</field3><field4 name="Start Combo">Sec</field4><field5 name="Step Combo">Sec</field5><field6 name="Stop Combo">Sec</field6></tran></analysis><source><v1 name="Source type">12</v1><v2 name="Source type">ac<field1 name="Amplitude">1000</field1><field2 name="Phase">0</field2></v2></source><model /><devicemodel><q1><field>C:/eSim/src/deviceModelLibrary/Transistor/NPN.lib</field></q1></devicemodel><subcircuit /></KicadtoNgspice>