<KicadtoNgspice><source><v111 name="Source type">5v</v111><v2 name="Source type">0v</v2><v4 name="Source type">pwl<field1 name="Enter in pwl format">0 0 300ms 0 311ms 5V 400ms 5V</field1></v4><v1 name="Source type">pulse<field1 name="Initial Value">0</field1><field2 name="Pulse Value">5</field2><field3 name="Delay Time">0ms</field3><field4 name="Rise Time">1ms</field4><field5 name="Fall Time">1ms</field5><field5 name="Pulse width">10ms</field5><field5 name="Period">100ms</field5></v1></source><model><u6 name="type">adc_bridge<field1 name="Enter Fall Delay (default=1.0e-9)" /><field2 name="Enter value for in_high (default=2.0)" /><field3 name="Enter Rise Delay (default=1.0e-9)" /><field4 name="Enter value for in_low (default=1.0)" /></u6><u12 name="type">dac_bridge<field5 name="Enter value for input load (default=1.0e-12)" /><field6 name="Enter value for out_low (default=0.0)" /><field7 name="Enter value for out_high (default=5.0)" /><field8 name="Enter the Rise Time (default=1.0e-9)" /><field9 name="Enter the Fall Time (default=1.0e-9)" /><field10 name="Enter value for out_undef (default=0.5)" /></u12><u20 name="type">adc_bridge<field11 name="Enter Fall Delay (default=1.0e-9)" /><field12 name="Enter value for in_high (default=2.0)" /><field13 name="Enter Rise Delay (default=1.0e-9)" /><field14 name="Enter value for in_low (default=1.0)" /></u20><u8 name="type">d_jkff<field15 name="Enter IC (default=0)" /><field16 name="Enter Fall Delay (default=1.0e-9)" /><field17 name="Enter Set Delay (default=1.0e-9)" /><field18 name="Enter value for Set Load (default=1.0e-12)" /><field19 name="Enter Clk Delay (default=1.0e-9)" /><field20 name="Enter value for Clk Load (default=1.0e-12)" /><field21 name="Enter Reset Delay (default=1.0)" /><field22 name="Enter Rise Delay (default=1.0e-9)" /><field23 name="Enter value for JK Load (default=1.0e-12)" /><field24 name="Enter value for Reset Load (default=1.0e-12)" /></u8><u44 name="type">adc_bridge<field25 name="Enter Fall Delay (default=1.0e-9)" /><field26 name="Enter value for in_high (default=2.0)" /><field27 name="Enter Rise Delay (default=1.0e-9)" /><field28 name="Enter value for in_low (default=1.0)" /></u44><u7 name="type">d_jkff<field29 name="Enter IC (default=0)" /><field30 name="Enter Fall Delay (default=1.0e-9)" /><field31 name="Enter Set Delay (default=1.0e-9)" /><field32 name="Enter value for Set Load (default=1.0e-12)" /><field33 name="Enter Clk Delay (default=1.0e-9)" /><field34 name="Enter value for Clk Load (default=1.0e-12)" /><field35 name="Enter Reset Delay (default=1.0)" /><field36 name="Enter Rise Delay (default=1.0e-9)" /><field37 name="Enter value for JK Load (default=1.0e-12)" /><field38 name="Enter value for Reset Load (default=1.0e-12)" /></u7><u9 name="type">d_jkff<field39 name="Enter IC (default=0)" /><field40 name="Enter Fall Delay (default=1.0e-9)" /><field41 name="Enter Set Delay (default=1.0e-9)" /><field42 name="Enter value for Set Load (default=1.0e-12)" /><field43 name="Enter Clk Delay (default=1.0e-9)" /><field44 name="Enter value for Clk Load (default=1.0e-12)" /><field45 name="Enter Reset Delay (default=1.0)" /><field46 name="Enter Rise Delay (default=1.0e-9)" /><field47 name="Enter value for JK Load (default=1.0e-12)" /><field48 name="Enter value for Reset Load (default=1.0e-12)" /></u9><u55 name="type">d_and<field49 name="Enter Fall Delay (default=1.0e-9)" /><field50 name="Enter Input Load (default=1.0e-12)" /><field51 name="Enter Rise Delay (default=1.0e-9)" /></u55><u66 name="type">d_jkff<field52 name="Enter IC (default=0)" /><field53 name="Enter Fall Delay (default=1.0e-9)" /><field54 name="Enter Set Delay (default=1.0e-9)" /><field55 name="Enter value for Set Load (default=1.0e-12)" /><field56 name="Enter Clk Delay (default=1.0e-9)" /><field57 name="Enter value for Clk Load (default=1.0e-12)" /><field58 name="Enter Reset Delay (default=1.0)" /><field59 name="Enter Rise Delay (default=1.0e-9)" /><field60 name="Enter value for JK Load (default=1.0e-12)" /><field61 name="Enter value for Reset Load (default=1.0e-12)" /></u66></model><devicemodel /><subcircuit /><analysis><ac><field1 name="Lin">true</field1><field2 name="Dec">false</field2><field3 name="Oct">false</field3><field4 name="Start Frequency" /><field5 name="Stop Frequency" /><field6 name="No. of points" /><field7 name="Start Fre Combo">Hz</field7><field8 name="Stop Fre Combo">Hz</field8></ac><dc><field1 name="Source 1" /><field2 name="Start" /><field3 name="Increment" /><field4 name="Stop" /><field5 name="Operating Point">0</field5><field6 name="Start Combo">Volts or Amperes</field6><field7 name="Increment Combo">Volts or Amperes</field7><field8 name="Stop Combo">Volts or Amperes</field8><field9 name="Source 2" /><field10 name="Start" /><field11 name="Increment" /><field12 name="Stop" /><field13 name="Start Combo">Volts or Amperes</field13><field14 name="Increment Combo">Volts or Amperes</field14><field15 name="Stop Combo">Volts or Amperes</field15></dc><tran><field1 name="Start Time">0</field1><field2 name="Step Time">5</field2><field3 name="Stop Time">400</field3><field4 name="Start Combo">ps</field4><field5 name="Step Combo">ms</field5><field6 name="Stop Combo">ms</field6></tran></analysis></KicadtoNgspice>