<KicadtoNgspice><source /><model /><devicemodel><q20><field>C:/esim_1/eSim/src/deviceModelLibrary/Transistor/PNP.lib</field></q20><d8><field>C:/esim_1/eSim/src/deviceModelLibrary/Diode/D.lib</field></d8><d9><field>C:/esim_1/eSim/src/deviceModelLibrary/Diode/D.lib</field></d9><d6><field>C:/esim_1/eSim/src/deviceModelLibrary/Diode/D.lib</field></d6><d7><field>C:/esim_1/eSim/src/deviceModelLibrary/Diode/D.lib</field></d7><d4><field>C:/esim_1/eSim/src/deviceModelLibrary/Diode/D.lib</field></d4><d5><field>C:/esim_1/eSim/src/deviceModelLibrary/Diode/D.lib</field></d5><d2><field>C:/esim_1/eSim/src/deviceModelLibrary/Diode/D.lib</field></d2><d3><field>C:/esim_1/eSim/src/deviceModelLibrary/Diode/D.lib</field></d3><d1><field>C:/esim_1/eSim/src/deviceModelLibrary/Diode/D.lib</field></d1><q1><field>C:/esim_1/eSim/src/deviceModelLibrary/Transistor/NPN.lib</field></q1><q3><field>C:/esim_1/eSim/src/deviceModelLibrary/Transistor/NPN.lib</field></q3><q2><field>C:/esim_1/eSim/src/deviceModelLibrary/Transistor/NPN.lib</field></q2><q5><field>C:/esim_1/eSim/src/deviceModelLibrary/Transistor/NPN.lib</field></q5><q4><field>C:/esim_1/eSim/src/deviceModelLibrary/Transistor/NPN.lib</field></q4><q7><field>C:/esim_1/eSim/src/deviceModelLibrary/Transistor/NPN.lib</field></q7><q6><field>C:/esim_1/eSim/src/deviceModelLibrary/Transistor/NPN.lib</field></q6><q9><field>C:/esim_1/eSim/src/deviceModelLibrary/Transistor/NPN.lib</field></q9><q8><field>C:/esim_1/eSim/src/deviceModelLibrary/Transistor/NPN.lib</field></q8><q15><field>C:/esim_1/eSim/src/deviceModelLibrary/Transistor/PNP.lib</field></q15><q14><field>C:/esim_1/eSim/src/deviceModelLibrary/Transistor/NPN.lib</field></q14><q17><field>C:/esim_1/eSim/src/deviceModelLibrary/Transistor/PNP.lib</field></q17><q16><field>C:/esim_1/eSim/src/deviceModelLibrary/Transistor/PNP.lib</field></q16><q11><field>C:/esim_1/eSim/src/deviceModelLibrary/Transistor/NPN.lib</field></q11><q10><field>C:/esim_1/eSim/src/deviceModelLibrary/Transistor/NPN.lib</field></q10><q13><field>C:/esim_1/eSim/src/deviceModelLibrary/Transistor/NPN.lib</field></q13><q12><field>C:/esim_1/eSim/src/deviceModelLibrary/Transistor/NPN.lib</field></q12><d10><field>C:/esim_1/eSim/src/deviceModelLibrary/Diode/D.lib</field></d10><q19><field>C:/esim_1/eSim/src/deviceModelLibrary/Transistor/NPN.lib</field></q19><q18><field>C:/esim_1/eSim/src/deviceModelLibrary/Transistor/NPN.lib</field></q18></devicemodel><subcircuit /><analysis><ac><field1 name="Lin">true</field1><field2 name="Dec">false</field2><field3 name="Oct">false</field3><field4 name="Start Frequency" /><field5 name="Stop Frequency" /><field6 name="No. of points" /><field7 name="Start Fre Combo">Hz</field7><field8 name="Stop Fre Combo">Hz</field8></ac><dc><field1 name="Source 1" /><field2 name="Start" /><field3 name="Increment" /><field4 name="Stop" /><field5 name="Operating Point">0</field5><field6 name="Start Combo">Volts or Amperes</field6><field7 name="Increment Combo">Volts or Amperes</field7><field8 name="Stop Combo">Volts or Amperes</field8><field9 name="Source 2" /><field10 name="Start" /><field11 name="Increment" /><field12 name="Stop" /><field13 name="Start Combo">Volts or Amperes</field13><field14 name="Increment Combo">Volts or Amperes</field14><field15 name="Stop Combo">Volts or Amperes</field15></dc><tran><field1 name="Start Time">0</field1><field2 name="Step Time">10</field2><field3 name="Stop Time">100</field3><field4 name="Start Combo">Sec</field4><field5 name="Step Combo">ms</field5><field6 name="Stop Combo">ms</field6></tran></analysis></KicadtoNgspice>