<KicadtoNgspice><source><v3 name="Source type">pulse<field1 name="Initial Value">0</field1><field2 name="Pulse Value">5</field2><field3 name="Delay Time">0</field3><field4 name="Rise Time">0</field4><field5 name="Fall Time">0</field5><field5 name="Pulse width">1m</field5><field5 name="Period">2m</field5></v3><v1 name="Source type">dc<field1 name="Value">0</field1></v1><v2 name="Source type">pulse<field1 name="Initial Value">0</field1><field2 name="Pulse Value">5</field2><field3 name="Delay Time">0</field3><field4 name="Rise Time">0</field4><field5 name="Fall Time">0</field5><field5 name="Pulse width">5m</field5><field5 name="Period">10m</field5></v2><v4 name="Source type">pulse<field1 name="Initial Value">0</field1><field2 name="Pulse Value">5</field2><field3 name="Delay Time">0</field3><field4 name="Rise Time">0</field4><field5 name="Fall Time">0</field5><field5 name="Pulse width">10m</field5><field5 name="Period">15m</field5></v4><v5 name="Source type">pulse<field1 name="Initial Value">0</field1><field2 name="Pulse Value">5</field2><field3 name="Delay Time">0</field3><field4 name="Rise Time">0</field4><field5 name="Fall Time">0</field5><field5 name="Pulse width">15m</field5><field5 name="Period">20m</field5></v5><v6 name="Source type">pulse<field1 name="Initial Value">0</field1><field2 name="Pulse Value">5</field2><field3 name="Delay Time">0</field3><field4 name="Rise Time">0</field4><field5 name="Fall Time">0</field5><field5 name="Pulse width">20m</field5><field5 name="Period">25m</field5></v6></source><model><u6 name="type">d_dff<field1 name="Enter IC (default=0)" /><field2 name="Enter Set Delay (default=1.0e-9)" /><field3 name="Enter value for Set Load (default=1.0e-12)" /><field4 name="Enter Clk Delay (default=1.0e-9)" /><field5 name="Enter value for Clk Load (default=1.0e-12)" /><field6 name="Enter Reset Delay (default=1.0)" /><field7 name="Enter value for Data Load (default=1.0e-12)" /><field8 name="Enter Fall Delay (default=1.0e-9)" /><field9 name="Enter value for Reset Load (default=1.0e-12)" /><field10 name="Enter Rise Delay (default=1.0e-9)" /></u6><u7 name="type">d_dff<field11 name="Enter IC (default=0)" /><field12 name="Enter Set Delay (default=1.0e-9)" /><field13 name="Enter value for Set Load (default=1.0e-12)" /><field14 name="Enter Clk Delay (default=1.0e-9)" /><field15 name="Enter value for Clk Load (default=1.0e-12)" /><field16 name="Enter Reset Delay (default=1.0)" /><field17 name="Enter value for Data Load (default=1.0e-12)" /><field18 name="Enter Fall Delay (default=1.0e-9)" /><field19 name="Enter value for Reset Load (default=1.0e-12)" /><field20 name="Enter Rise Delay (default=1.0e-9)" /></u7><u8 name="type">d_dff<field21 name="Enter IC (default=0)" /><field22 name="Enter Set Delay (default=1.0e-9)" /><field23 name="Enter value for Set Load (default=1.0e-12)" /><field24 name="Enter Clk Delay (default=1.0e-9)" /><field25 name="Enter value for Clk Load (default=1.0e-12)" /><field26 name="Enter Reset Delay (default=1.0)" /><field27 name="Enter value for Data Load (default=1.0e-12)" /><field28 name="Enter Fall Delay (default=1.0e-9)" /><field29 name="Enter value for Reset Load (default=1.0e-12)" /><field30 name="Enter Rise Delay (default=1.0e-9)" /></u8><u9 name="type">d_dff<field31 name="Enter IC (default=0)" /><field32 name="Enter Set Delay (default=1.0e-9)" /><field33 name="Enter value for Set Load (default=1.0e-12)" /><field34 name="Enter Clk Delay (default=1.0e-9)" /><field35 name="Enter value for Clk Load (default=1.0e-12)" /><field36 name="Enter Reset Delay (default=1.0)" /><field37 name="Enter value for Data Load (default=1.0e-12)" /><field38 name="Enter Fall Delay (default=1.0e-9)" /><field39 name="Enter value for Reset Load (default=1.0e-12)" /><field40 name="Enter Rise Delay (default=1.0e-9)" /></u9><u1 name="type">adc_bridge<field41 name="Enter Fall Delay (default=1.0e-9)" /><field42 name="Enter value for in_high (default=2.0)" /><field43 name="Enter Rise Delay (default=1.0e-9)" /><field44 name="Enter value for in_low (default=1.0)" /></u1><u2 name="type">adc_bridge<field45 name="Enter Fall Delay (default=1.0e-9)" /><field46 name="Enter value for in_high (default=2.0)" /><field47 name="Enter Rise Delay (default=1.0e-9)" /><field48 name="Enter value for in_low (default=1.0)" /></u2><u4 name="type">adc_bridge<field49 name="Enter Fall Delay (default=1.0e-9)" /><field50 name="Enter value for in_high (default=2.0)" /><field51 name="Enter Rise Delay (default=1.0e-9)" /><field52 name="Enter value for in_low (default=1.0)" /></u4><u14 name="type">adc_bridge<field53 name="Enter Fall Delay (default=1.0e-9)" /><field54 name="Enter value for in_high (default=2.0)" /><field55 name="Enter Rise Delay (default=1.0e-9)" /><field56 name="Enter value for in_low (default=1.0)" /></u14><u15 name="type">adc_bridge<field57 name="Enter Fall Delay (default=1.0e-9)" /><field58 name="Enter value for in_high (default=2.0)" /><field59 name="Enter Rise Delay (default=1.0e-9)" /><field60 name="Enter value for in_low (default=1.0)" /></u15><u16 name="type">adc_bridge<field61 name="Enter Fall Delay (default=1.0e-9)" /><field62 name="Enter value for in_high (default=2.0)" /><field63 name="Enter Rise Delay (default=1.0e-9)" /><field64 name="Enter value for in_low (default=1.0)" /></u16><u17 name="type">adc_bridge<field53 name="Enter Fall Delay (default=1.0e-9)" /><field54 name="Enter value for in_high (default=2.0)" /><field55 name="Enter Rise Delay (default=1.0e-9)" /><field56 name="Enter value for in_low (default=1.0)" /></u17><u18 name="type">adc_bridge<field57 name="Enter Fall Delay (default=1.0e-9)" /><field58 name="Enter value for in_high (default=2.0)" /><field59 name="Enter Rise Delay (default=1.0e-9)" /><field60 name="Enter value for in_low (default=1.0)" /></u18><u19 name="type">adc_bridge<field61 name="Enter Fall Delay (default=1.0e-9)" /><field62 name="Enter value for in_high (default=2.0)" /><field63 name="Enter Rise Delay (default=1.0e-9)" /><field64 name="Enter value for in_low (default=1.0)" /></u19></model><devicemodel /><subcircuit /><analysis><ac><field1 name="Lin">true</field1><field2 name="Dec">false</field2><field3 name="Oct">false</field3><field4 name="Start Frequency" /><field5 name="Stop Frequency" /><field6 name="No. of points" /><field7 name="Start Fre Combo">Hz</field7><field8 name="Stop Fre Combo">Hz</field8></ac><dc><field1 name="Source 1" /><field2 name="Start" /><field3 name="Increment" /><field4 name="Stop" /><field5 name="Operating Point">0</field5><field6 name="Start Combo">Volts or Amperes</field6><field7 name="Increment Combo">Volts or Amperes</field7><field8 name="Stop Combo">Volts or Amperes</field8><field9 name="Source 2" /><field10 name="Start" /><field11 name="Increment" /><field12 name="Stop" /><field13 name="Start Combo">Volts or Amperes</field13><field14 name="Increment Combo">Volts or Amperes</field14><field15 name="Stop Combo">Volts or Amperes</field15></dc><tran><field1 name="Start Time">0</field1><field2 name="Step Time">0.1</field2><field3 name="Stop Time">100</field3><field4 name="Start Combo">Sec</field4><field5 name="Step Combo">ms</field5><field6 name="Stop Combo">ms</field6></tran></analysis></KicadtoNgspice>