<KicadtoNgspice><source><v1 name="Source type">dc<field1 name="Value">20</field1></v1><v2 name="Source type">sine<field1 name="Offset Value">0</field1><field2 name="Amplitude">0.03</field2><field3 name="Frequency">100</field3><field4 name="Delay Time">0.01</field4><field5 name="Damping Factor">0</field5></v2><v3 name="Source type">dc<field1 name="Value">-15</field1></v3></source><model><u4 name="type">ic<field1 name="Enter initial voltage at node for u4  net-_c1-pad1_ ic">0</field1></u4><u3 name="type">ic<field2 name="Enter initial voltage at node for u3  net-_c2-pad1_ ic">0</field2></u3><u3 name="type">d_dt<field1 name="Enter value for Gain (default=1.0)" /><field2 name="Enter offset for Output (default=0.0)" /><field3 name="Enter Limit Range (default=1.0e-6)" /><field4 name="Enter Output Lower Limit (default=0.0)">-20</field4><field5 name="Enter Output Upper Limit (default=1.0)">20</field5></u3><u3 name="type">gain<field1 name="Enter offset for input (default=0.0)" /><field2 name="Enter gain (default=1.0) 1" /><field3 name="Enter gain (default=1.0) 2" /><field4 name="Enter offset for output (default=0.0)" /></u3></model><devicemodel><q1><field>C:/FOSSEE/eSim/src/deviceModelLibrary/Transistor/NPN.lib</field></q1><q3><field>C:/FOSSEE/eSim/src/deviceModelLibrary/Transistor/NPN.lib</field></q3><q2><field>C:/FOSSEE/eSim/src/deviceModelLibrary/Transistor/PNP.lib</field></q2><d2><field>C:/FOSSEE/eSim/src/deviceModelLibrary/Diode/D.lib</field></d2><d1><field>C:/FOSSEE/eSim/src/deviceModelLibrary/Diode/D.lib</field></d1></devicemodel><subcircuit /><analysis><ac><field1 name="Lin">true</field1><field2 name="Dec">false</field2><field3 name="Oct">false</field3><field4 name="Start Frequency" /><field5 name="Stop Frequency" /><field6 name="No. of points" /><field7 name="Start Fre Combo">Hz</field7><field8 name="Stop Fre Combo">Hz</field8></ac><dc><field1 name="Source 1" /><field2 name="Start" /><field3 name="Increment" /><field4 name="Stop" /><field5 name="Operating Point">0</field5><field6 name="Start Combo">Volts or Amperes</field6><field7 name="Increment Combo">Volts or Amperes</field7><field8 name="Stop Combo">Volts or Amperes</field8><field9 name="Source 2" /><field10 name="Start" /><field11 name="Increment" /><field12 name="Stop" /><field13 name="Start Combo">Volts or Amperes</field13><field14 name="Increment Combo">Volts or Amperes</field14><field15 name="Stop Combo">Volts or Amperes</field15></dc><tran><field1 name="Start Time">0</field1><field2 name="Step Time">0.1</field2><field3 name="Stop Time">100</field3><field4 name="Start Combo">ms</field4><field5 name="Step Combo">ms</field5><field6 name="Stop Combo">ms</field6></tran></analysis></KicadtoNgspice>