<KicadtoNgspice><source><v2 name="Source type">sine<field1 name="Offset Value">0</field1><field2 name="Amplitude">30</field2><field3 name="Frequency">50</field3><field4 name="Delay Time">0.0067</field4><field5 name="Damping Factor">0</field5></v2><v1 name="Source type">sine<field1 name="Offset Value">0</field1><field2 name="Amplitude">30</field2><field3 name="Frequency">50</field3><field4 name="Delay Time">0</field4><field5 name="Damping Factor">0</field5></v1><v3 name="Source type">sine<field1 name="Offset Value">0</field1><field2 name="Amplitude">30</field2><field3 name="Frequency">50</field3><field4 name="Delay Time">0.0133</field4><field5 name="Damping Factor">0</field5></v3><v5 name="Source type">pulse<field1 name="Initial Value">0</field1><field2 name="Pulse Value">2</field2><field3 name="Delay Time">0.0033</field3><field4 name="Rise Time">0.0001</field4><field5 name="Fall Time">0.0001</field5><field5 name="Pulse width">0.01</field5><field5 name="Period">0.02</field5></v5><v9 name="Source type">pulse<field1 name="Initial Value">0</field1><field2 name="Pulse Value">2</field2><field3 name="Delay Time">0.0066</field3><field4 name="Rise Time">0.0001</field4><field5 name="Fall Time">0.0001</field5><field5 name="Pulse width">0.01</field5><field5 name="Period">0.02</field5></v9><v7 name="Source type">pulse<field1 name="Initial Value">0</field1><field2 name="Pulse Value">2</field2><field3 name="Delay Time">0.01</field3><field4 name="Rise Time">0.0001</field4><field5 name="Fall Time">0.0001</field5><field5 name="Pulse width">0.01</field5><field5 name="Period">0.02</field5></v7><v4 name="Source type">pulse<field1 name="Initial Value">0</field1><field2 name="Pulse Value">2</field2><field3 name="Delay Time">0.0133</field3><field4 name="Rise Time">0.0001</field4><field5 name="Fall Time">0.0001</field5><field5 name="Pulse width">0.01</field5><field5 name="Period">0.02</field5></v4><v8 name="Source type">pulse<field1 name="Initial Value">0</field1><field2 name="Pulse Value">2</field2><field3 name="Delay Time">0.0166</field3><field4 name="Rise Time">0.0001</field4><field5 name="Fall Time">0.0001</field5><field5 name="Pulse width">0.01</field5><field5 name="Period">0.02</field5></v8><v6 name="Source type">pulse<field1 name="Initial Value">0</field1><field2 name="Pulse Value">2</field2><field3 name="Delay Time">0.02</field3><field4 name="Rise Time">0.0001</field4><field5 name="Fall Time">0.0001</field5><field5 name="Pulse width">0.01</field5><field5 name="Period">0.02</field5></v6></source><model /><devicemodel><m6><field>C:/FOSSEE/eSim/library/deviceModelLibrary/MOS/NMOS-0.5um.lib</field><field>100u</field><field>1u</field><field>1.4</field></m6><m3><field>C:/FOSSEE/eSim/library/deviceModelLibrary/MOS/NMOS-0.5um.lib</field><field>100u</field><field>1u</field><field>1.4</field></m3><m5><field>C:/FOSSEE/eSim/library/deviceModelLibrary/MOS/NMOS-0.5um.lib</field><field>100u</field><field>1u</field><field>1.4</field></m5><m4><field>C:/FOSSEE/eSim/library/deviceModelLibrary/MOS/NMOS-0.5um.lib</field><field>100u</field><field>1u</field><field>1.4</field></m4><m2><field>C:/FOSSEE/eSim/library/deviceModelLibrary/MOS/NMOS-0.5um.lib</field><field>100u</field><field>1u</field><field>1.4</field></m2><m1><field>C:/FOSSEE/eSim/library/deviceModelLibrary/MOS/NMOS-0.5um.lib</field><field>100u</field><field>1u</field><field>1.4</field></m1></devicemodel><subcircuit /><analysis><ac><field1 name="Lin">true</field1><field2 name="Dec">false</field2><field3 name="Oct">false</field3><field4 name="Start Frequency">10</field4><field5 name="Stop Frequency">50</field5><field6 name="No. of points">100</field6><field7 name="Start Fre Combo">Hz</field7><field8 name="Stop Fre Combo">Hz</field8></ac><dc><field1 name="Source 1" /><field2 name="Start" /><field3 name="Increment" /><field4 name="Stop" /><field5 name="Operating Point">0</field5><field6 name="Start Combo">Volts or Amperes</field6><field7 name="Increment Combo">Volts or Amperes</field7><field8 name="Stop Combo">Volts or Amperes</field8><field9 name="Source 2" /><field10 name="Start" /><field11 name="Increment" /><field12 name="Stop" /><field13 name="Start Combo">Volts or Amperes</field13><field14 name="Increment Combo">Volts or Amperes</field14><field15 name="Stop Combo">Volts or Amperes</field15></dc><tran><field1 name="Start Time">0</field1><field2 name="Step Time">100</field2><field3 name="Stop Time">50</field3><field4 name="Start Combo">ms</field4><field5 name="Step Combo">us</field5><field6 name="Stop Combo">ms</field6></tran></analysis></KicadtoNgspice>