<KicadtoNgspice><analysis><ac><field1 name="Lin">true</field1><field2 name="Dec">false</field2><field3 name="Oct">false</field3><field4 name="Start Frequency" /><field5 name="Stop Frequency" /><field6 name="No. of points" /><field7 name="Start Fre Combo">Hz</field7><field8 name="Stop Fre Combo">Hz</field8></ac><dc><field1 name="Source 1" /><field2 name="Start" /><field3 name="Increment" /><field4 name="Stop" /><field5 name="Operating Point">0</field5><field6 name="Start Combo">Volts or Amperes</field6><field7 name="Increment Combo">Volts or Amperes</field7><field8 name="Stop Combo">Volts or Amperes</field8><field9 name="Source 2" /><field10 name="Start" /><field11 name="Increment" /><field12 name="Stop" /><field13 name="Start Combo">Volts or Amperes</field13><field14 name="Increment Combo">Volts or Amperes</field14><field15 name="Stop Combo">Volts or Amperes</field15></dc><tran><field1 name="Start Time" /><field2 name="Step Time" /><field3 name="Stop Time" /><field4 name="Start Combo">Sec</field4><field5 name="Step Combo">Sec</field5><field6 name="Stop Combo">Sec</field6></tran></analysis><source /><model /><devicemodel /><subcircuit><x2><field>C:\esim\eSim\src\SubcircuitLibrary\4_OR</field></x2><x3><field>C:\esim\eSim\src\SubcircuitLibrary\4_OR</field></x3><x1><field>C:\esim\eSim\src\SubcircuitLibrary\4_OR</field></x1><x6><field>C:\esim\eSim\src\SubcircuitLibrary\4_OR</field></x6><x4><field>C:\esim\eSim\src\SubcircuitLibrary\4_OR</field></x4><x5><field>C:\esim\eSim\src\SubcircuitLibrary\4_OR</field></x5></subcircuit></KicadtoNgspice>