{"source": {"v1": {"values": [{"Initial Value": "0"}, {"Pulse Value": "5"}, {"Delay Time": "0"}, {"Rise Time": "2us"}, {"Fall Time": "2us"}, {"Pulse width": "3us"}, {"Period": "8us"}], "type": "pulse"}, "v2": {"values": [{"Offset Value": "0"}, {"Amplitude": "6"}, {"Freuency": "100k"}, {"Delay Time": "0"}, {"Damping Factor": "0"}], "type": "sine"}}, "model": {}, "deviceModel": {"q1": ["/home/fosssee/Desktop/eSim/eSim/src/deviceModelLibrary/Transistor/NPN.lib"], "q2": ["/home/fosssee/Desktop/eSim/eSim/src/deviceModelLibrary/Transistor/PNP.lib"]}, "analysis": {"ac": {"No. of points": "", "Lin": "true", "Stop Frequency": "", "Start Fre Combo": "Hz", "Stop Fre Combo": "Hz", "Start Frequency": "", "Dec": "false", "Oct": "false"}, "tran": {"Stop Combo": "ms", "Stop Time": "100", "Step Combo": "us", "Start Time": "0", "Start Combo": "ms", "Step Time": "10"}, "dc": {"Stop Combo": "Volts or Amperes", "Start Combo2": "Volts or Amperes", "Source 1": "", "Stop Combo2": "Volts or Amperes", "Start2": "", "Stop": "", "Increment2": "", "Stop2": "", "Start": "", "Operating Point": "0", "Start Combo": "Volts or Amperes", "Increment": "", "Increment Combo": "Volts or Amperes", "Increment Combo2": "Volts or Amperes", "Source 2": ""}}, "subcircuit": {"x1": ["/home/fosssee/Desktop/eSim/eSim/src/SubcircuitLibrary/ua741"]}}