<KicadtoNgspice><analysis><ac><field1 name="Lin">true</field1><field2 name="Dec">false</field2><field3 name="Oct">false</field3><field4 name="Start Frequency" /><field5 name="Stop Frequency" /><field6 name="No. of points" /><field7 name="Start Fre Combo">Hz</field7><field8 name="Stop Fre Combo">Hz</field8></ac><dc><field1 name="Source 1" /><field2 name="Start" /><field3 name="Increment" /><field4 name="Stop" /><field5 name="Operating Point">0</field5><field6 name="Start Combo">Volts or Amperes</field6><field7 name="Increment Combo">Volts or Amperes</field7><field8 name="Stop Combo">Volts or Amperes</field8><field9 name="Source 2" /><field10 name="Start" /><field11 name="Increment" /><field12 name="Stop" /><field13 name="Start Combo">Volts or Amperes</field13><field14 name="Increment Combo">Volts or Amperes</field14><field15 name="Stop Combo">Volts or Amperes</field15></dc><tran><field1 name="Start Time">0</field1><field2 name="Step Time">10</field2><field3 name="Stop Time">100</field3><field4 name="Start Combo">Sec</field4><field5 name="Step Combo">ms</field5><field6 name="Stop Combo">ms</field6></tran></analysis><source><v3 name="Source type">dc<field1 name="Value">0.8</field1></v3><v2 name="Source type">dc<field1 name="Value">0.8</field1></v2><v6 name="Source type">pulse<field1 name="Initial Value">0</field1><field2 name="Pulse Value">5</field2><field3 name="Delay Time">1.0e-9</field3><field4 name="Rise Time">1.0e-9</field4><field5 name="Fall Time">1.0e-9</field5><field5 name="Pulse width">0.02</field5><field5 name="Period">0.04</field5></v6><v7 name="Source type">pulse<field1 name="Initial Value">0</field1><field2 name="Pulse Value">5</field2><field3 name="Delay Time">1.0e-9</field3><field4 name="Rise Time">1.0e-9</field4><field5 name="Fall Time">1.0e-9</field5><field5 name="Pulse width">0.03</field5><field5 name="Period">0.06</field5></v7><v8 name="Source type">pulse<field1 name="Initial Value">0</field1><field2 name="Pulse Value">5</field2><field3 name="Delay Time">1.0e-9</field3><field4 name="Rise Time">1.0e-9</field4><field5 name="Fall Time">1.0e-9</field5><field5 name="Pulse width">0.04</field5><field5 name="Period">0.08</field5></v8><v5 name="Source type">pulse<field1 name="Initial Value">0</field1><field2 name="Pulse Value">5</field2><field3 name="Delay Time">1.0e-9</field3><field4 name="Rise Time">1.0e-9</field4><field5 name="Fall Time">1.0e-9</field5><field5 name="Pulse width">0.04</field5><field5 name="Period">0.08</field5></v5><v4 name="Source type">pulse<field1 name="Initial Value">0</field1><field2 name="Pulse Value">5</field2><field3 name="Delay Time">1.0e-9</field3><field4 name="Rise Time">1.0e-9</field4><field5 name="Fall Time">1.0e-9</field5><field5 name="Pulse width">0.04</field5><field5 name="Period">0.08</field5></v4><v1 name="Source type">pulse<field1 name="Initial Value">0</field1><field2 name="Pulse Value">5</field2><field3 name="Delay Time">1.0e-9</field3><field4 name="Rise Time">1.0e-9</field4><field5 name="Fall Time">1.0e-9</field5><field5 name="Pulse width">0.04</field5><field5 name="Period">0.08</field5></v1></source><model /><devicemodel><m11><field /><field /><field /><field /></m11><m4><field /><field /><field /><field /></m4><m6><field /><field /><field /><field /></m6><m13><field /><field /><field /><field /></m13><m5><field /><field /><field /><field /></m5><m10><field /><field /><field /><field /></m10><m7><field /><field /><field /><field /></m7><m12><field /><field /><field /><field /></m12><m1><field /><field /><field /><field /></m1><m14><field /><field /><field /><field /></m14><m3><field /><field /><field /><field /></m3><m2><field /><field /><field /><field /></m2><m9><field /><field /><field /><field /></m9><m8><field /><field /><field /><field /></m8></devicemodel><subcircuit /></KicadtoNgspice>