{"source": {"v1": {"values": [{"Value": ""}], "type": "dc"}, "v2": {"values": [{"Value": ""}], "type": "dc"}, "v3": {"values": [{"Value": ""}], "type": "dc"}}, "model": {"u7": {"values": [{"Enter value for input load (default=1.0e-12)": ""}, {"Enter value for out_low (default=0.0)": ""}, {"Enter value for out_high (default=5.0)": ""}, {"Enter the Rise Time (default=1.0e-9)": ""}, {"Enter the Fall Time (default=1.0e-9)": ""}, {"Enter value for out_undef (default=0.5)": ""}], "type": "dac_bridge"}, "u6": {"values": [{"Enter Fall Delay (default=1.0e-9)": ""}, {"Enter value for in_high (default=2.0)": ""}, {"Enter Rise Delay (default=1.0e-9)": ""}, {"Enter value for in_low (default=1.0)": ""}], "type": "adc_bridge"}}, "deviceModel": {}, "analysis": {"ac": {"No. of points": "", "Lin": "true", "Stop Frequency": "", "Start Fre Combo": "Hz", "Stop Fre Combo": "Hz", "Start Frequency": "", "Dec": "false", "Oct": "false"}, "tran": {"Stop Combo": "Sec", "Stop Time": "", "Step Combo": "Sec", "Start Time": "", "Start Combo": "Sec", "Step Time": ""}, "dc": {"Stop Combo": "Volts or Amperes", "Start Combo2": "Volts or Amperes", "Source 1": "", "Stop Combo2": "Volts or Amperes", "Start2": "", "Stop": "", "Increment2": "", "Stop2": "", "Start": "", "Operating Point": "0", "Start Combo": "Volts or Amperes", "Increment": "", "Increment Combo": "Volts or Amperes", "Increment Combo2": "Volts or Amperes", "Source 2": ""}}, "subcircuit": {"x1": ["/home/fossee/workFolder/eSim/src/SubcircuitLibrary/full_adder"]}}