<KicadtoNgspice><source><v1 name="Source type">12v</v1><v1 name="Source type">250</v1><v1 name="Source type">11v</v1><v1 name="Source type">10v</v1><v1 name="Source type">10</v1></source><model /><devicemodel><q1><field /></q1><d1><field>C:/ESIM/eSim/src/deviceModelLibrary/Diode/ZenerD1N750.lib</field></d1></devicemodel><subcircuit /><analysis><ac><field1 name="Lin">true</field1><field2 name="Dec">false</field2><field3 name="Oct">false</field3><field4 name="Start Frequency">50</field4><field5 name="Stop Frequency">50</field5><field6 name="No. of points">10</field6><field7 name="Start Fre Combo">Hz</field7><field8 name="Stop Fre Combo">Hz</field8></ac><dc><field1 name="Source 1">V1</field1><field2 name="Start">1</field2><field3 name="Increment">2</field3><field4 name="Stop">60</field4><field5 name="Operating Point">0</field5><field6 name="Start Combo">Volts or Amperes</field6><field7 name="Increment Combo">Volts or Amperes</field7><field8 name="Stop Combo">Volts or Amperes</field8><field9 name="Source 2" /><field10 name="Start" /><field11 name="Increment" /><field12 name="Stop" /><field13 name="Start Combo">Volts or Amperes</field13><field14 name="Increment Combo">Volts or Amperes</field14><field15 name="Stop Combo">Volts or Amperes</field15></dc><tran><field1 name="Start Time">0</field1><field2 name="Step Time">1</field2><field3 name="Stop Time">100</field3><field4 name="Start Combo">ms</field4><field5 name="Step Combo">ms</field5><field6 name="Stop Combo">ms</field6></tran></analysis></KicadtoNgspice>