<KicadtoNgspice><source><v1 name="Source type">dc<field1 name="Value">5</field1></v1><v2 name="Source type">dc<field1 name="Value">5</field1></v2><v3 name="Source type">dc<field1 name="Value">0</field1></v3><v4 name="Source type">dc<field1 name="Value">5</field1></v4><v5 name="Source type">dc<field1 name="Value">5</field1></v5></source><model><u2 name="type">d_inverter<field1 name="Enter Fall Delay (default=1.0e-9)" /><field2 name="Enter Input Load (default=1.0e-12)" /><field3 name="Enter Rise Delay (default=1.0e-9)" /></u2><u3 name="type">d_inverter<field4 name="Enter Fall Delay (default=1.0e-9)" /><field5 name="Enter Input Load (default=1.0e-12)" /><field6 name="Enter Rise Delay (default=1.0e-9)" /></u3><u1 name="type">adc_bridge<field7 name="Enter Fall Delay (default=1.0e-9)" /><field8 name="Enter value for in_high (default=2.0)" /><field9 name="Enter Rise Delay (default=1.0e-9)" /><field10 name="Enter value for in_low (default=1.0)" /></u1><u5 name="type">dac_bridge<field11 name="Enter value for input load (default=1.0e-12)" /><field12 name="Enter value for out_low (default=0.0)" /><field13 name="Enter value for out_high (default=5.0)" /><field14 name="Enter the Rise Time (default=1.0e-9)" /><field15 name="Enter the Fall Time (default=1.0e-9)" /><field16 name="Enter value for out_undef (default=0.5)" /></u5><u4 name="type">dac_bridge<field17 name="Enter value for input load (default=1.0e-12)" /><field18 name="Enter value for out_low (default=0.0)" /><field19 name="Enter value for out_high (default=5.0)" /><field20 name="Enter the Rise Time (default=1.0e-9)" /><field21 name="Enter the Fall Time (default=1.0e-9)" /><field22 name="Enter value for out_undef (default=0.5)" /></u4></model><devicemodel /><subcircuit><x2><field>C:\Users\postgres\Documents\eSim\src\SubcircuitLibrary\9382-eSim-1to4demux</field></x2><x3><field>C:\Users\postgres\Documents\eSim\src\SubcircuitLibrary\9382-eSim-1to4demux</field></x3><x1><field>C:\Users\postgres\Documents\eSim\src\SubcircuitLibrary\9382-eSim-1to2demux</field></x1><x4><field>C:\Users\postgres\Documents\eSim\src\SubcircuitLibrary\9382-eSim-1to4demux</field></x4><x5><field>C:\Users\postgres\Documents\eSim\src\SubcircuitLibrary\9382-eSim-1to4demux</field></x5></subcircuit><analysis><ac><field1 name="Lin">true</field1><field2 name="Dec">false</field2><field3 name="Oct">false</field3><field4 name="Start Frequency" /><field5 name="Stop Frequency" /><field6 name="No. of points" /><field7 name="Start Fre Combo">Hz</field7><field8 name="Stop Fre Combo">Hz</field8></ac><dc><field1 name="Source 1" /><field2 name="Start" /><field3 name="Increment" /><field4 name="Stop" /><field5 name="Operating Point">0</field5><field6 name="Start Combo">Volts or Amperes</field6><field7 name="Increment Combo">Volts or Amperes</field7><field8 name="Stop Combo">Volts or Amperes</field8><field9 name="Source 2" /><field10 name="Start" /><field11 name="Increment" /><field12 name="Stop" /><field13 name="Start Combo">Volts or Amperes</field13><field14 name="Increment Combo">Volts or Amperes</field14><field15 name="Stop Combo">Volts or Amperes</field15></dc><tran><field1 name="Start Time">0</field1><field2 name="Step Time">10</field2><field3 name="Stop Time">1000</field3><field4 name="Start Combo">Sec</field4><field5 name="Step Combo">Sec</field5><field6 name="Stop Combo">Sec</field6></tran></analysis></KicadtoNgspice>