<KicadtoNgspice><source><v1 name="Source type">dc<field1 name="Value">12</field1></v1><v_u4 name="Source type">0</v_u4></source><model><u1 name="type">transfo<field1 name="Enter the H1 array " /><field2 name="Enter the primary number of turns (default=310) " /><field3 name="Enter iron core area (default=1)" /><field4 name="Enter iron core length (default=0.01)" /><field5 name="Enter the secondary number of turns (default=620)" /><field6 name="Enter the B1 array " /></u1><u2 name="type">transfo<field1 name="Enter the H1 array ">10 20 30 40</field1><field2 name="Enter the primary number of turns (default=310) " /><field3 name="Enter iron core area (default=1)" /><field4 name="Enter iron core length (default=0.01)" /><field5 name="Enter the secondary number of turns (default=620)" /><field6 name="Enter the B1 array " /></u2></model><devicemodel><q1><field>C:/Program Files/software1/software/esim1/eSim/src/deviceModelLibrary/Transistor/NPN.lib</field></q1></devicemodel><subcircuit /><analysis><ac><field1 name="Lin">true</field1><field2 name="Dec">false</field2><field3 name="Oct">false</field3><field4 name="Start Frequency" /><field5 name="Stop Frequency" /><field6 name="No. of points" /><field7 name="Start Fre Combo">Hz</field7><field8 name="Stop Fre Combo">Hz</field8></ac><dc><field1 name="Source 1">9</field1><field2 name="Start">0</field2><field3 name="Increment">0.1</field3><field4 name="Stop">5</field4><field5 name="Operating Point">0</field5><field6 name="Start Combo">Volts or Amperes</field6><field7 name="Increment Combo">Volts or Amperes</field7><field8 name="Stop Combo">Volts or Amperes</field8><field9 name="Source 2" /><field10 name="Start" /><field11 name="Increment" /><field12 name="Stop" /><field13 name="Start Combo">Volts or Amperes</field13><field14 name="Increment Combo">Volts or Amperes</field14><field15 name="Stop Combo">Volts or Amperes</field15></dc><tran><field1 name="Start Time">0</field1><field2 name="Step Time">.1</field2><field3 name="Stop Time">1</field3><field4 name="Start Combo">Sec</field4><field5 name="Step Combo">Sec</field5><field6 name="Stop Combo">Sec</field6></tran></analysis></KicadtoNgspice>