<KicadtoNgspice><analysis><ac><field1 name="Lin">true</field1><field2 name="Dec">false</field2><field3 name="Oct">false</field3><field4 name="Start Frequency" /><field5 name="Stop Frequency" /><field6 name="No. of points" /><field7 name="Start Fre Combo">Hz</field7><field8 name="Stop Fre Combo">Hz</field8></ac><dc><field1 name="Source 1" /><field2 name="Start" /><field3 name="Increment" /><field4 name="Stop" /><field5 name="Operating Point">0</field5><field6 name="Start Combo">Volts or Amperes</field6><field7 name="Increment Combo">Volts or Amperes</field7><field8 name="Stop Combo">Volts or Amperes</field8><field9 name="Source 2" /><field10 name="Start" /><field11 name="Increment" /><field12 name="Stop" /><field13 name="Start Combo">Volts or Amperes</field13><field14 name="Increment Combo">Volts or Amperes</field14><field15 name="Stop Combo">Volts or Amperes</field15></dc><tran><field1 name="Start Time">0</field1><field2 name="Step Time">10</field2><field3 name="Stop Time">1</field3><field4 name="Start Combo">Sec</field4><field5 name="Step Combo">ms</field5><field6 name="Stop Combo">Sec</field6></tran></analysis><source><v1 name="Source type">sine<field1 name="Offset Value">0</field1><field2 name="Amplitude">15</field2><field3 name="Frequency">1</field3><field4 name="Delay Time">0</field4><field5 name="Damping Factor">0</field5></v1><v3 name="Source type">dc<field1 name="Value">3</field1></v3><v2 name="Source type">dc<field1 name="Value">-2</field1></v2></source><model><u4 name="type">zener<field1 name="Enter Switch for Limiting (default=FALSE)" /><field2 name="Enter Breakdown Current (default=2.0e-2)" /><field3 name="Enter Saturation Current (default=1.0e-12)" /><field4 name="Enter Breakdown Voltage (default=5.6)" /><field5 name="Enter Forward Emission Coefficient (default=1.0)" /></u4><u3 name="type">zener<field6 name="Enter Switch for Limiting (default=FALSE)" /><field7 name="Enter Breakdown Current (default=2.0e-2)" /><field8 name="Enter Saturation Current (default=1.0e-12)" /><field9 name="Enter Breakdown Voltage (default=5.6)" /><field10 name="Enter Forward Emission Coefficient (default=1.0)" /></u3><u7 name="type">zener<field11 name="Enter Switch for Limiting (default=FALSE)" /><field12 name="Enter Breakdown Current (default=2.0e-2)" /><field13 name="Enter Saturation Current (default=1.0e-12)" /><field14 name="Enter Breakdown Voltage (default=5.6)" /><field15 name="Enter Forward Emission Coefficient (default=1.0)" /></u7><u6 name="type">zener<field16 name="Enter Switch for Limiting (default=FALSE)" /><field17 name="Enter Breakdown Current (default=2.0e-2)" /><field18 name="Enter Saturation Current (default=1.0e-12)" /><field19 name="Enter Breakdown Voltage (default=5.6)" /><field20 name="Enter Forward Emission Coefficient (default=1.0)" /></u6></model><devicemodel><d1><field>C:/FOSSEE/eSim/library/deviceModelLibrary/Diode/D.lib</field></d1><d2><field>C:/FOSSEE/eSim/library/deviceModelLibrary/Diode/D.lib</field></d2></devicemodel><subcircuit><x2><field>C:\FOSSEE\eSim\library\SubcircuitLibrary\ua741</field></x2><x1><field>C:\FOSSEE\eSim\library\SubcircuitLibrary\ua741</field></x1></subcircuit></KicadtoNgspice>