<KicadtoNgspice><source><v1 name="Source type">dc<field1 name="Value">10V</field1></v1></source><model /><devicemodel><m5><field>C:/FOSSEE/eSim/src/deviceModelLibrary/MOS/NMOS-0.5um.lib</field><field>1000u</field><field /><field /></m5><m4><field>C:/FOSSEE/eSim/src/deviceModelLibrary/MOS/PMOS-0.5um.lib</field><field>50u</field><field /><field /></m4><m6><field>C:/FOSSEE/eSim/src/deviceModelLibrary/MOS/PMOS-0.5um.lib</field><field>50u</field><field /><field /></m6><m1><field>C:/FOSSEE/eSim/src/deviceModelLibrary/MOS/NMOS-0.5um.lib</field><field>1000u</field><field /><field /></m1><m3><field>C:/FOSSEE/eSim/src/deviceModelLibrary/MOS/NMOS-0.5um.lib</field><field>1000u</field><field /><field /></m3><m2><field>C:/FOSSEE/eSim/src/deviceModelLibrary/MOS/PMOS-0.5um.lib</field><field>50u</field><field /><field /></m2></devicemodel><subcircuit /><analysis><ac><field1 name="Lin">true</field1><field2 name="Dec">false</field2><field3 name="Oct">false</field3><field4 name="Start Frequency" /><field5 name="Stop Frequency" /><field6 name="No. of points" /><field7 name="Start Fre Combo">Hz</field7><field8 name="Stop Fre Combo">Hz</field8></ac><dc><field1 name="Source 1" /><field2 name="Start" /><field3 name="Increment" /><field4 name="Stop" /><field5 name="Operating Point">0</field5><field6 name="Start Combo">Volts or Amperes</field6><field7 name="Increment Combo">Volts or Amperes</field7><field8 name="Stop Combo">Volts or Amperes</field8><field9 name="Source 2" /><field10 name="Start" /><field11 name="Increment" /><field12 name="Stop" /><field13 name="Start Combo">Volts or Amperes</field13><field14 name="Increment Combo">Volts or Amperes</field14><field15 name="Stop Combo">Volts or Amperes</field15></dc><tran><field1 name="Start Time">100</field1><field2 name="Step Time">1</field2><field3 name="Stop Time">200</field3><field4 name="Start Combo">Sec</field4><field5 name="Step Combo">ms</field5><field6 name="Stop Combo">Sec</field6></tran></analysis></KicadtoNgspice>