<KicadtoNgspice><source><v1 name="Source type">dc<field1 name="Value">5</field1></v1><v2 name="Source type">dc<field1 name="Value">0</field1></v2><v3 name="Source type">dc<field1 name="Value">5</field1></v3><v4 name="Source type">dc<field1 name="Value">0</field1></v4><v5 name="Source type">dc<field1 name="Value">5</field1></v5><v6 name="Source type">dc<field1 name="Value">0</field1></v6><v7 name="Source type">dc<field1 name="Value">5</field1></v7><v8 name="Source type">dc<field1 name="Value">5</field1></v8></source><model><u1 name="type">adc_bridge<field1 name="Enter Fall Delay (default=1.0e-9)" /><field2 name="Enter value for in_high (default=2.0)" /><field3 name="Enter Rise Delay (default=1.0e-9)" /><field4 name="Enter value for in_low (default=1.0)" /></u1><u4 name="type">adc_bridge<field5 name="Enter Fall Delay (default=1.0e-9)" /><field6 name="Enter value for in_high (default=2.0)" /><field7 name="Enter Rise Delay (default=1.0e-9)" /><field8 name="Enter value for in_low (default=1.0)" /></u4><u7 name="type">adc_bridge<field9 name="Enter Fall Delay (default=1.0e-9)" /><field10 name="Enter value for in_high (default=2.0)" /><field11 name="Enter Rise Delay (default=1.0e-9)" /><field12 name="Enter value for in_low (default=1.0)" /></u7><u2 name="type">dac_bridge<field13 name="Enter value for input load (default=1.0e-12)" /><field14 name="Enter value for out_low (default=0.0)" /><field15 name="Enter value for out_high (default=5.0)" /><field16 name="Enter the Rise Time (default=1.0e-9)" /><field17 name="Enter the Fall Time (default=1.0e-9)" /><field18 name="Enter value for out_undef (default=0.5)" /></u2><u5 name="type">dac_bridge<field19 name="Enter value for input load (default=1.0e-12)" /><field20 name="Enter value for out_low (default=0.0)" /><field21 name="Enter value for out_high (default=5.0)" /><field22 name="Enter the Rise Time (default=1.0e-9)" /><field23 name="Enter the Fall Time (default=1.0e-9)" /><field24 name="Enter value for out_undef (default=0.5)" /></u5><u8 name="type">dac_bridge<field25 name="Enter value for input load (default=1.0e-12)" /><field26 name="Enter value for out_low (default=0.0)" /><field27 name="Enter value for out_high (default=5.0)" /><field28 name="Enter the Rise Time (default=1.0e-9)" /><field29 name="Enter the Fall Time (default=1.0e-9)" /><field30 name="Enter value for out_undef (default=0.5)" /></u8><u11 name="type">dac_bridge<field31 name="Enter value for input load (default=1.0e-12)" /><field32 name="Enter value for out_low (default=0.0)" /><field33 name="Enter value for out_high (default=5.0)" /><field34 name="Enter the Rise Time (default=1.0e-9)" /><field35 name="Enter the Fall Time (default=1.0e-9)" /><field36 name="Enter value for out_undef (default=0.5)" /></u11><u10 name="type">adc_bridge<field37 name="Enter Fall Delay (default=1.0e-9)" /><field38 name="Enter value for in_high (default=2.0)" /><field39 name="Enter Rise Delay (default=1.0e-9)" /><field40 name="Enter value for in_low (default=1.0)" /></u10></model><devicemodel /><subcircuit><x2><field>C:\Users\postgres\Documents\eSim\src\SubcircuitLibrary\9382-eSim-combination1</field></x2><x3><field>C:\Users\postgres\Documents\eSim\src\SubcircuitLibrary\9382-eSim-fulladder</field></x3><x1><field>C:\Users\postgres\Documents\eSim\src\SubcircuitLibrary\9382-eSim-fulladder</field></x1><x6><field>C:\Users\postgres\Documents\eSim\src\SubcircuitLibrary\9382-eSim-combination3</field></x6><x7><field>C:\Users\postgres\Documents\eSim\src\SubcircuitLibrary\full_adder</field></x7><x4><field>C:\Users\postgres\Documents\eSim\src\SubcircuitLibrary\9382-eSim-combination2</field></x4><x5><field>C:\Users\postgres\Documents\eSim\src\SubcircuitLibrary\full_adder</field></x5></subcircuit><analysis><ac><field1 name="Lin">true</field1><field2 name="Dec">false</field2><field3 name="Oct">false</field3><field4 name="Start Frequency" /><field5 name="Stop Frequency" /><field6 name="No. of points" /><field7 name="Start Fre Combo">Hz</field7><field8 name="Stop Fre Combo">Hz</field8></ac><dc><field1 name="Source 1" /><field2 name="Start" /><field3 name="Increment" /><field4 name="Stop" /><field5 name="Operating Point">0</field5><field6 name="Start Combo">Volts or Amperes</field6><field7 name="Increment Combo">Volts or Amperes</field7><field8 name="Stop Combo">Volts or Amperes</field8><field9 name="Source 2" /><field10 name="Start" /><field11 name="Increment" /><field12 name="Stop" /><field13 name="Start Combo">Volts or Amperes</field13><field14 name="Increment Combo">Volts or Amperes</field14><field15 name="Stop Combo">Volts or Amperes</field15></dc><tran><field1 name="Start Time">0</field1><field2 name="Step Time">10</field2><field3 name="Stop Time">1000</field3><field4 name="Start Combo">Sec</field4><field5 name="Step Combo">Sec</field5><field6 name="Stop Combo">Sec</field6></tran></analysis></KicadtoNgspice>