<KicadtoNgspice><source><v1 name="Source type">dc<field1 name="Value">15v</field1></v1></source><model><u3 name="type">zener<field1 name="Enter Saturation Current (default=1.0e-12)" /><field2 name="Enter Forward Emission Coefficient (default=1.0)" /><field3 name="Enter Breakdown Voltage (default=5.6)">10</field3><field4 name="Enter Breakdown Current (default=2.0e-2)" /><field5 name="Enter Switch for Limiting (default=FALSE)" /></u3></model><devicemodel><q1><field>C:/Program Files (x86)/esim/eSim/src/deviceModelLibrary/Transistor/NPN.lib</field></q1></devicemodel><subcircuit /><analysis><ac><field1 name="Lin">true</field1><field2 name="Dec">false</field2><field3 name="Oct">false</field3><field4 name="Start Frequency" /><field5 name="Stop Frequency" /><field6 name="No. of points" /><field7 name="Start Fre Combo">Hz</field7><field8 name="Stop Fre Combo">Hz</field8></ac><dc><field1 name="Source 1">v1</field1><field2 name="Start">0</field2><field3 name="Increment">1</field3><field4 name="Stop">15</field4><field5 name="Operating Point">0</field5><field6 name="Start Combo">Volts or Amperes</field6><field7 name="Increment Combo">Volts or Amperes</field7><field8 name="Stop Combo">Volts or Amperes</field8><field9 name="Source 2" /><field10 name="Start" /><field11 name="Increment" /><field12 name="Stop" /><field13 name="Start Combo">Volts or Amperes</field13><field14 name="Increment Combo">Volts or Amperes</field14><field15 name="Stop Combo">Volts or Amperes</field15></dc><tran><field1 name="Start Time" /><field2 name="Step Time" /><field3 name="Stop Time" /><field4 name="Start Combo">Sec</field4><field5 name="Step Combo">Sec</field5><field6 name="Stop Combo">Sec</field6></tran></analysis></KicadtoNgspice>