<KicadtoNgspice><source><v2 name="Source type">pulse<field1 name="Initial Value">0</field1><field2 name="Pulse Value">5</field2><field3 name="Delay Time">0.1u</field3><field4 name="Rise Time">0.1u</field4><field5 name="Fall Time">0.1u</field5><field5 name="Pulse width">1u</field5><field5 name="Period">2u</field5></v2><v1 name="Source type">pulse<field1 name="Initial Value">5</field1><field2 name="Pulse Value">0</field2><field3 name="Delay Time">0.1u</field3><field4 name="Rise Time">0.1u</field4><field5 name="Fall Time">0.1u</field5><field5 name="Pulse width">2u</field5><field5 name="Period">4u</field5></v1><v4 name="Source type">pulse<field1 name="Initial Value">0</field1><field2 name="Pulse Value">5</field2><field3 name="Delay Time">0.1u</field3><field4 name="Rise Time">0.1u</field4><field5 name="Fall Time">0.1u</field5><field5 name="Pulse width">4u</field5><field5 name="Period">8u</field5></v4><v3 name="Source type">pulse<field1 name="Initial Value">5</field1><field2 name="Pulse Value">0</field2><field3 name="Delay Time">0.1u</field3><field4 name="Rise Time">0.1u</field4><field5 name="Fall Time">0.1u</field5><field5 name="Pulse width">8u</field5><field5 name="Period">16u</field5></v3><v5 name="Source type">pulse<field1 name="Initial Value">0</field1><field2 name="Pulse Value">1</field2><field3 name="Delay Time">0.1u</field3><field4 name="Rise Time">0.1u</field4><field5 name="Fall Time">0.1u</field5><field5 name="Pulse width">16u</field5><field5 name="Period">32u</field5></v5></source><model><u3 name="type">adc_bridge<field1 name="Enter Fall Delay (default=1.0e-9)" /><field2 name="Enter value for in_high (default=2.0)" /><field3 name="Enter Rise Delay (default=1.0e-9)" /><field4 name="Enter value for in_low (default=1.0)" /></u3><u4 name="type">dac_bridge<field5 name="Enter value for input load (default=1.0e-12)" /><field6 name="Enter value for out_low (default=0.0)" /><field7 name="Enter value for out_high (default=5.0)" /><field8 name="Enter the Rise Time (default=1.0e-9)" /><field9 name="Enter the Fall Time (default=1.0e-9)" /><field10 name="Enter value for out_undef (default=0.5)" /></u4><u6 name="type">adc_bridge<field5 name="Enter Fall Delay (default=1.0e-9)" /><field6 name="Enter value for in_high (default=2.0)" /><field7 name="Enter Rise Delay (default=1.0e-9)" /><field8 name="Enter value for in_low (default=1.0)" /></u6><u9 name="type">dac_bridge<field9 name="Enter value for input load (default=1.0e-12)" /><field10 name="Enter value for out_low (default=0.0)" /><field11 name="Enter value for out_high (default=5.0)" /><field12 name="Enter the Rise Time (default=1.0e-9)" /><field13 name="Enter the Fall Time (default=1.0e-9)" /><field14 name="Enter value for out_undef (default=0.5)" /></u9><u7 name="type">dac_bridge<field15 name="Enter value for input load (default=1.0e-12)" /><field16 name="Enter value for out_low (default=0.0)" /><field17 name="Enter value for out_high (default=5.0)" /><field18 name="Enter the Rise Time (default=1.0e-9)" /><field19 name="Enter the Fall Time (default=1.0e-9)" /><field20 name="Enter value for out_undef (default=0.5)" /></u7><u13 name="type">adc_bridge<field17 name="Enter Fall Delay (default=1.0e-9)" /><field18 name="Enter value for in_high (default=2.0)" /><field19 name="Enter Rise Delay (default=1.0e-9)" /><field20 name="Enter value for in_low (default=1.0)" /></u13><u14 name="type">d_xor<field21 name="Enter Fall Delay (default=1.0e-9)" /><field22 name="Enter Input Load (default=1.0e-12)" /><field23 name="Enter Rise Delay (default=1.0e-9)" /></u14><u15 name="type">d_xor<field28 name="Enter Fall Delay (default=1.0e-9)" /><field29 name="Enter Input Load (default=1.0e-12)" /><field30 name="Enter Rise Delay (default=1.0e-9)" /></u15></model><devicemodel /><subcircuit><x2><field>C:\FOSSEE\eSim\src\SubcircuitLibrary\full_adder</field></x2><x1><field>C:\FOSSEE\eSim\src\SubcircuitLibrary\full_adder</field></x1></subcircuit><analysis><ac><field1 name="Lin">true</field1><field2 name="Dec">false</field2><field3 name="Oct">false</field3><field4 name="Start Frequency" /><field5 name="Stop Frequency" /><field6 name="No. of points" /><field7 name="Start Fre Combo">Hz</field7><field8 name="Stop Fre Combo">Hz</field8></ac><dc><field1 name="Source 1" /><field2 name="Start" /><field3 name="Increment" /><field4 name="Stop" /><field5 name="Operating Point">0</field5><field6 name="Start Combo">Volts or Amperes</field6><field7 name="Increment Combo">Volts or Amperes</field7><field8 name="Stop Combo">Volts or Amperes</field8><field9 name="Source 2" /><field10 name="Start" /><field11 name="Increment" /><field12 name="Stop" /><field13 name="Start Combo">Volts or Amperes</field13><field14 name="Increment Combo">Volts or Amperes</field14><field15 name="Stop Combo">Volts or Amperes</field15></dc><tran><field1 name="Start Time">0</field1><field2 name="Step Time">10</field2><field3 name="Stop Time">32</field3><field4 name="Start Combo">Sec</field4><field5 name="Step Combo">us</field5><field6 name="Stop Combo">us</field6></tran></analysis></KicadtoNgspice>